0,1,2,3,4,5,6,7,8,9,10,11,name
7.25,66.0,21.75,3.0,0.0,484.0,159.5,0.0,22.0,52.5625,0.0,7.25,6
71.2833,38.0,71.2833,1.0,1.0,1444.0,2708.7653999999998,38.0,0.0,5081.30885889,71.2833,0.0,3
7.925,78.0,23.775,0.0,3.0,676.0,206.04999999999998,26.0,0.0,62.805625,7.925,0.0,4
53.1,35.0,53.1,1.0,1.0,1225.0,1858.5,35.0,0.0,2819.61,53.1,0.0,3
8.05,105.0,24.150000000000002,0.0,0.0,1225.0,281.75,0.0,35.0,64.80250000000001,0.0,8.05,6
8.4583,89.09735294117647,25.374899999999997,0.0,0.0,882.0375890138406,251.2040467941176,0.0,29.69911764705882,71.54283888999998,0.0,8.4583,6
51.8625,54.0,51.8625,0.0,0.0,2916.0,2800.575,0.0,54.0,2689.7189062499997,0.0,51.8625,6
21.075,6.0,63.224999999999994,12.0,0.0,4.0,42.15,0.0,2.0,444.155625,0.0,21.075,5
11.1333,81.0,33.3999,6.0,3.0,729.0,300.5991,27.0,0.0,123.95036889000001,11.1333,0.0,3
30.0708,28.0,60.1416,2.0,2.0,196.0,420.9912,14.0,0.0,904.25301264,30.0708,0.0,3
16.7,12.0,50.099999999999994,6.0,3.0,16.0,66.8,4.0,0.0,278.89,16.7,0.0,4
26.55,58.0,26.55,0.0,1.0,3364.0,1539.9,58.0,0.0,704.9025,26.55,0.0,4
8.05,60.0,24.150000000000002,0.0,0.0,400.0,161.0,0.0,20.0,64.80250000000001,0.0,8.05,6
31.275,117.0,93.82499999999999,18.0,0.0,1521.0,1219.725,0.0,39.0,978.1256249999999,0.0,31.275,6
7.8542,42.0,23.5626,0.0,3.0,196.0,109.9588,14.0,0.0,61.688457639999996,7.8542,0.0,4
16.0,110.0,32.0,0.0,2.0,3025.0,880.0,55.0,0.0,256.0,16.0,0.0,3
29.125,6.0,87.375,15.0,0.0,4.0,58.25,0.0,2.0,848.265625,0.0,29.125,5
13.0,59.39823529411764,26.0,0.0,0.0,882.0375890138406,386.0885294117647,0.0,29.69911764705882,169.0,0.0,13.0,6
18.0,93.0,54.0,3.0,3.0,961.0,558.0,31.0,0.0,324.0,18.0,0.0,3
7.225,89.09735294117647,21.674999999999997,0.0,3.0,882.0375890138406,214.57612499999996,29.69911764705882,0.0,52.200624999999995,7.225,0.0,3
26.0,70.0,52.0,0.0,0.0,1225.0,910.0,0.0,35.0,676.0,0.0,26.0,6
13.0,68.0,26.0,0.0,0.0,1156.0,442.0,0.0,34.0,169.0,0.0,13.0,6
8.0292,45.0,24.0876,0.0,3.0,225.0,120.43799999999999,15.0,0.0,64.46805264,8.0292,0.0,4
35.5,28.0,35.5,0.0,0.0,784.0,994.0,0.0,28.0,1260.25,0.0,35.5,6
21.075,24.0,63.224999999999994,12.0,3.0,64.0,168.6,8.0,0.0,444.155625,21.075,0.0,4
31.3875,114.0,94.1625,18.0,3.0,1444.0,1192.725,38.0,0.0,985.17515625,31.3875,0.0,3
7.225,89.09735294117647,21.674999999999997,0.0,0.0,882.0375890138406,214.57612499999996,0.0,29.69911764705882,52.200624999999995,0.0,7.225,6
263.0,19.0,263.0,5.0,0.0,361.0,4997.0,0.0,19.0,69169.0,0.0,263.0,6
7.8792,89.09735294117647,23.6376,0.0,3.0,882.0375890138406,234.00528776470586,29.69911764705882,0.0,62.081792639999996,7.8792,0.0,4
7.8958,89.09735294117647,23.6874,0.0,0.0,882.0375890138406,234.49829311764705,0.0,29.69911764705882,62.34365764,0.0,7.8958,6
27.7208,40.0,27.7208,0.0,0.0,1600.0,1108.832,0.0,40.0,768.44275264,0.0,27.7208,1
146.5208,29.69911764705882,146.5208,1.0,1.0,882.0375890138406,4351.538476941176,29.69911764705882,0.0,21468.344832640003,146.5208,0.0,3
7.75,89.09735294117647,23.25,0.0,3.0,882.0375890138406,230.16816176470584,29.69911764705882,0.0,60.0625,7.75,0.0,4
10.5,132.0,21.0,0.0,0.0,4356.0,693.0,0.0,66.0,110.25,0.0,10.5,6
82.1708,28.0,82.1708,1.0,0.0,784.0,2300.7824,0.0,28.0,6752.04037264,0.0,82.1708,6
52.0,42.0,52.0,1.0,0.0,1764.0,2184.0,0.0,42.0,2704.0,0.0,52.0,6
7.2292,89.09735294117647,21.6876,0.0,0.0,882.0375890138406,214.7008612941176,0.0,29.69911764705882,52.26133263999999,0.0,7.2292,6
8.05,63.0,24.150000000000002,0.0,0.0,441.0,169.05,0.0,21.0,64.80250000000001,0.0,8.05,6
18.0,54.0,54.0,6.0,3.0,324.0,324.0,18.0,0.0,324.0,18.0,0.0,4
11.2417,42.0,33.7251,3.0,3.0,196.0,157.3838,14.0,0.0,126.37581888999999,11.2417,0.0,4
9.475,120.0,28.424999999999997,3.0,3.0,1600.0,379.0,40.0,0.0,89.77562499999999,9.475,0.0,3
21.0,54.0,42.0,2.0,2.0,729.0,567.0,27.0,0.0,441.0,21.0,0.0,3
7.8958,89.09735294117647,23.6874,0.0,0.0,882.0375890138406,234.49829311764705,0.0,29.69911764705882,62.34365764,0.0,7.8958,6
41.5792,6.0,83.1584,6.0,2.0,9.0,124.7376,3.0,0.0,1728.82987264,41.5792,0.0,4
7.8792,57.0,23.6376,0.0,3.0,361.0,149.7048,19.0,0.0,62.081792639999996,7.8792,0.0,4
8.05,89.09735294117647,24.150000000000002,0.0,0.0,882.0375890138406,239.0778970588235,0.0,29.69911764705882,64.80250000000001,0.0,8.05,6
15.5,89.09735294117647,46.5,3.0,0.0,882.0375890138406,460.3363235294117,0.0,29.69911764705882,240.25,0.0,15.5,6
7.75,89.09735294117647,23.25,0.0,3.0,882.0375890138406,230.16816176470584,29.69911764705882,0.0,60.0625,7.75,0.0,4
21.6792,89.09735294117647,65.0376,6.0,0.0,882.0375890138406,643.8531112941176,0.0,29.69911764705882,469.98771264000004,0.0,21.6792,6
17.8,54.0,53.400000000000006,3.0,3.0,324.0,320.40000000000003,18.0,0.0,316.84000000000003,17.8,0.0,3
39.6875,21.0,119.0625,15.0,0.0,49.0,277.8125,0.0,7.0,1575.09765625,0.0,39.6875,5
7.8,63.0,23.4,0.0,0.0,441.0,163.79999999999998,0.0,21.0,60.839999999999996,0.0,7.8,6
76.7292,49.0,76.7292,1.0,1.0,2401.0,3759.7308000000003,49.0,0.0,5887.3701326400005,76.7292,0.0,3
26.0,58.0,52.0,2.0,2.0,841.0,754.0,29.0,0.0,676.0,26.0,0.0,3
61.9792,65.0,61.9792,1.0,0.0,4225.0,4028.648,0.0,65.0,3841.4212326399997,0.0,61.9792,6
35.5,29.69911764705882,35.5,0.0,0.0,882.0375890138406,1054.3186764705881,0.0,29.69911764705882,1260.25,0.0,35.5,6
10.5,42.0,21.0,0.0,2.0,441.0,220.5,21.0,0.0,110.25,10.5,0.0,4
7.2292,85.5,21.6876,0.0,0.0,812.25,206.0322,0.0,28.5,52.26133263999999,0.0,7.2292,6
27.75,10.0,55.5,6.0,2.0,25.0,138.75,5.0,0.0,770.0625,27.75,0.0,4
46.9,33.0,140.7,21.0,0.0,121.0,515.9,0.0,11.0,2199.6099999999997,0.0,46.9,5
7.2292,66.0,21.6876,0.0,0.0,484.0,159.0424,0.0,22.0,52.26133263999999,0.0,7.2292,6
80.0,38.0,80.0,0.0,1.0,1444.0,3040.0,38.0,0.0,6400.0,80.0,0.0,4
83.475,45.0,83.475,1.0,0.0,2025.0,3756.3749999999995,0.0,45.0,6968.0756249999995,0.0,83.475,6
27.9,12.0,83.69999999999999,15.0,0.0,16.0,111.6,0.0,4.0,778.41,0.0,27.9,5
27.7208,29.69911764705882,27.7208,0.0,0.0,882.0375890138406,823.2833004705882,0.0,29.69911764705882,768.44275264,0.0,27.7208,6
15.2458,89.09735294117647,45.737399999999994,6.0,0.0,882.0375890138406,452.78680782352933,0.0,29.69911764705882,232.43441763999996,0.0,15.2458,5
10.5,58.0,21.0,0.0,2.0,841.0,304.5,29.0,0.0,110.25,10.5,0.0,3
8.1583,57.0,24.4749,0.0,0.0,361.0,155.0077,0.0,19.0,66.55785889,0.0,8.1583,6
7.925,51.0,23.775,18.0,3.0,289.0,134.725,17.0,0.0,62.805625,7.925,0.0,4
8.6625,78.0,25.987499999999997,6.0,0.0,676.0,225.225,0.0,26.0,75.03890625,0.0,8.6625,6
10.5,64.0,21.0,0.0,0.0,1024.0,336.0,0.0,32.0,110.25,0.0,10.5,6
46.9,48.0,140.7,21.0,3.0,256.0,750.4,16.0,0.0,2199.6099999999997,46.9,0.0,4
73.5,42.0,147.0,0.0,0.0,441.0,1543.5,0.0,21.0,5402.25,0.0,73.5,6
14.4542,78.0,43.3626,3.0,0.0,676.0,375.80920000000003,0.0,26.0,208.92389764,0.0,14.4542,6
56.4958,96.0,169.4874,0.0,0.0,1024.0,1807.8656,0.0,32.0,3191.7754176400003,0.0,56.4958,6
7.65,75.0,22.950000000000003,0.0,0.0,625.0,191.25,0.0,25.0,58.52250000000001,0.0,7.65,6
7.8958,89.09735294117647,23.6874,0.0,0.0,882.0375890138406,234.49829311764705,0.0,29.69911764705882,62.34365764,0.0,7.8958,6
8.05,89.09735294117647,24.150000000000002,0.0,0.0,882.0375890138406,239.0778970588235,0.0,29.69911764705882,64.80250000000001,0.0,8.05,6
29.0,1.66,58.0,4.0,0.0,0.6889,24.07,0.0,0.83,841.0,0.0,29.0,5
12.475,90.0,37.425,0.0,3.0,900.0,374.25,30.0,0.0,155.62562499999999,12.475,0.0,4
9.0,66.0,27.0,0.0,0.0,484.0,198.0,0.0,22.0,81.0,0.0,9.0,6
9.5,87.0,28.5,0.0,0.0,841.0,275.5,0.0,29.0,90.25,0.0,9.5,6
7.7875,89.09735294117647,23.362499999999997,0.0,3.0,882.0375890138406,231.28187867647054,29.69911764705882,0.0,60.64515624999999,7.7875,0.0,4
47.1,28.0,47.1,0.0,0.0,784.0,1318.8,0.0,28.0,2218.4100000000003,0.0,47.1,6
10.5,34.0,21.0,0.0,2.0,289.0,178.5,17.0,0.0,110.25,10.5,0.0,4
15.85,99.0,47.55,9.0,3.0,1089.0,523.05,33.0,0.0,251.2225,15.85,0.0,3
34.375,48.0,103.125,12.0,0.0,256.0,550.0,0.0,16.0,1181.640625,0.0,34.375,6
8.05,89.09735294117647,24.150000000000002,0.0,0.0,882.0375890138406,239.0778970588235,0.0,29.69911764705882,64.80250000000001,0.0,8.05,6
263.0,23.0,263.0,5.0,1.0,529.0,6049.0,23.0,0.0,69169.0,263.0,0.0,4
8.05,72.0,24.150000000000002,0.0,0.0,576.0,193.20000000000002,0.0,24.0,64.80250000000001,0.0,8.05,6
8.05,87.0,24.150000000000002,0.0,0.0,841.0,233.45000000000002,0.0,29.0,64.80250000000001,0.0,8.05,6
7.8542,60.0,23.5626,0.0,0.0,400.0,157.084,0.0,20.0,61.688457639999996,0.0,7.8542,6
61.175,46.0,61.175,1.0,0.0,2116.0,2814.0499999999997,0.0,46.0,3742.380625,0.0,61.175,6
20.575,78.0,61.724999999999994,9.0,0.0,676.0,534.9499999999999,0.0,26.0,423.330625,0.0,20.575,6
7.25,177.0,21.75,0.0,0.0,3481.0,427.75,0.0,59.0,52.5625,0.0,7.25,6
8.05,89.09735294117647,24.150000000000002,0.0,0.0,882.0375890138406,239.0778970588235,0.0,29.69911764705882,64.80250000000001,0.0,8.05,6
34.6542,71.0,34.6542,0.0,0.0,5041.0,2460.4482000000003,0.0,71.0,1200.9135776400003,0.0,34.6542,6
63.3583,23.0,63.3583,1.0,0.0,529.0,1457.2409,0.0,23.0,4014.27417889,0.0,63.3583,6
23.0,68.0,46.0,2.0,2.0,1156.0,782.0,34.0,0.0,529.0,23.0,0.0,3
26.0,68.0,52.0,2.0,0.0,1156.0,884.0,0.0,34.0,676.0,0.0,26.0,6
7.8958,84.0,23.6874,0.0,3.0,784.0,221.0824,28.0,0.0,62.34365764,7.8958,0.0,4
7.8958,89.09735294117647,23.6874,0.0,0.0,882.0375890138406,234.49829311764705,0.0,29.69911764705882,62.34365764,0.0,7.8958,6
77.2875,21.0,77.2875,1.0,0.0,441.0,1623.0375,0.0,21.0,5973.357656249999,0.0,77.2875,6
8.6542,99.0,25.9626,0.0,0.0,1089.0,285.5886,0.0,33.0,74.89517763999999,0.0,8.6542,6
7.925,111.0,23.775,6.0,0.0,1369.0,293.22499999999997,0.0,37.0,62.805625,0.0,7.925,6
7.8958,84.0,23.6874,0.0,0.0,784.0,221.0824,0.0,28.0,62.34365764,0.0,7.8958,6
7.65,63.0,22.950000000000003,0.0,3.0,441.0,160.65,21.0,0.0,58.52250000000001,7.65,0.0,4
7.775,89.09735294117647,23.325000000000003,0.0,0.0,882.0375890138406,230.91063970588235,0.0,29.69911764705882,60.450625,0.0,7.775,6
7.8958,114.0,23.6874,0.0,0.0,1444.0,300.04040000000003,0.0,38.0,62.34365764,0.0,7.8958,6
24.15,89.09735294117647,72.44999999999999,3.0,3.0,882.0375890138406,717.2336911764704,29.69911764705882,0.0,583.2225,24.15,0.0,4
52.0,47.0,52.0,0.0,0.0,2209.0,2444.0,0.0,47.0,2704.0,0.0,52.0,6
14.4542,43.5,43.3626,3.0,3.0,210.25,209.5859,14.5,0.0,208.92389764,14.4542,0.0,4
8.05,66.0,24.150000000000002,0.0,0.0,484.0,177.10000000000002,0.0,22.0,64.80250000000001,0.0,8.05,6
9.825,60.0,29.474999999999998,3.0,3.0,400.0,196.5,20.0,0.0,96.53062499999999,9.825,0.0,4
14.4583,51.0,43.3749,0.0,3.0,289.0,245.7911,17.0,0.0,209.04243888999997,14.4583,0.0,4
7.925,63.0,23.775,0.0,0.0,441.0,166.42499999999998,0.0,21.0,62.805625,0.0,7.925,6
7.75,211.5,23.25,0.0,0.0,4970.25,546.375,0.0,70.5,60.0625,0.0,7.75,6
21.0,58.0,42.0,2.0,0.0,841.0,609.0,0.0,29.0,441.0,0.0,21.0,6
247.5208,24.0,247.5208,1.0,0.0,576.0,5940.4992,0.0,24.0,61266.54643264,0.0,247.5208,6
31.275,6.0,93.82499999999999,18.0,3.0,4.0,62.55,2.0,0.0,978.1256249999999,31.275,0.0,4
73.5,42.0,147.0,4.0,0.0,441.0,1543.5,0.0,21.0,5402.25,0.0,73.5,6
8.05,89.09735294117647,24.150000000000002,0.0,0.0,882.0375890138406,239.0778970588235,0.0,29.69911764705882,64.80250000000001,0.0,8.05,6
30.0708,65.0,60.1416,2.0,0.0,1056.25,977.3009999999999,0.0,32.5,904.25301264,0.0,30.0708,6
13.0,65.0,26.0,0.0,2.0,1056.25,422.5,32.5,0.0,169.0,13.0,0.0,4
77.2875,54.0,77.2875,1.0,0.0,2916.0,4173.525,0.0,54.0,5973.357656249999,0.0,77.2875,6
11.2417,36.0,33.7251,3.0,0.0,144.0,134.9004,0.0,12.0,126.37581888999999,0.0,11.2417,5
7.75,89.09735294117647,23.25,0.0,0.0,882.0375890138406,230.16816176470584,0.0,29.69911764705882,60.0625,0.0,7.75,6
7.1417,72.0,21.4251,0.0,0.0,576.0,171.4008,0.0,24.0,51.00387889,0.0,7.1417,6
22.3583,89.09735294117647,67.0749,6.0,3.0,882.0375890138406,664.0217820882352,29.69911764705882,0.0,499.89357889,22.3583,0.0,4
6.975,135.0,20.924999999999997,0.0,0.0,2025.0,313.875,0.0,45.0,48.650625,0.0,6.975,6
7.8958,99.0,23.6874,0.0,0.0,1089.0,260.5614,0.0,33.0,62.34365764,0.0,7.8958,6
7.05,60.0,21.15,0.0,0.0,400.0,141.0,0.0,20.0,49.7025,0.0,7.05,6
14.5,141.0,43.5,3.0,3.0,2209.0,681.5,47.0,0.0,210.25,14.5,0.0,3
26.0,58.0,52.0,2.0,2.0,841.0,754.0,29.0,0.0,676.0,26.0,0.0,3
13.0,50.0,26.0,0.0,0.0,625.0,325.0,0.0,25.0,169.0,0.0,13.0,6
15.0458,46.0,30.0916,0.0,0.0,529.0,346.0534,0.0,23.0,226.37609763999998,0.0,15.0458,6
26.2833,19.0,26.2833,2.0,1.0,361.0,499.3827,19.0,0.0,690.81185889,26.2833,0.0,4
53.1,37.0,53.1,1.0,0.0,1369.0,1964.7,0.0,37.0,2819.61,0.0,53.1,6
9.2167,48.0,27.6501,0.0,0.0,256.0,147.4672,0.0,16.0,84.94755889,0.0,9.2167,6
79.2,24.0,79.2,0.0,0.0,576.0,1900.8000000000002,0.0,24.0,6272.64,0.0,79.2,6
15.2458,89.09735294117647,45.737399999999994,6.0,3.0,882.0375890138406,452.78680782352933,29.69911764705882,0.0,232.43441763999996,15.2458,0.0,3
7.75,66.0,23.25,0.0,3.0,484.0,170.5,22.0,0.0,60.0625,7.75,0.0,4
15.85,72.0,47.55,3.0,3.0,576.0,380.4,24.0,0.0,251.2225,15.85,0.0,3
6.75,57.0,20.25,0.0,0.0,361.0,128.25,0.0,19.0,45.5625,0.0,6.75,6
11.5,36.0,23.0,0.0,0.0,324.0,207.0,0.0,18.0,132.25,0.0,11.5,6
36.75,38.0,73.5,4.0,0.0,361.0,698.25,0.0,19.0,1350.5625,0.0,36.75,6
7.7958,81.0,23.3874,0.0,0.0,729.0,210.4866,0.0,27.0,60.77449764,0.0,7.7958,6
34.375,27.0,103.125,12.0,3.0,81.0,309.375,9.0,0.0,1181.640625,34.375,0.0,4
26.0,73.0,52.0,4.0,0.0,1332.25,949.0,0.0,36.5,676.0,0.0,26.0,6
13.0,84.0,26.0,0.0,0.0,1764.0,546.0,0.0,42.0,169.0,0.0,13.0,1
12.525,102.0,25.05,0.0,0.0,2601.0,638.775,0.0,51.0,156.875625,0.0,12.525,1
66.6,22.0,66.6,1.0,1.0,484.0,1465.1999999999998,22.0,0.0,4435.5599999999995,66.6,0.0,3
8.05,166.5,24.150000000000002,0.0,0.0,3080.25,446.77500000000003,0.0,55.5,64.80250000000001,0.0,8.05,6
14.5,121.5,43.5,6.0,0.0,1640.25,587.25,0.0,40.5,210.25,0.0,14.5,6
7.3125,89.09735294117647,21.9375,0.0,0.0,882.0375890138406,217.1747977941176,0.0,29.69911764705882,53.47265625,0.0,7.3125,6
61.3792,51.0,61.3792,1.0,0.0,2601.0,3130.3392,0.0,51.0,3767.4061926399995,0.0,61.3792,6
7.7333,48.0,23.1999,0.0,3.0,256.0,123.7328,16.0,0.0,59.803928889999995,7.7333,0.0,4
8.05,90.0,24.150000000000002,0.0,0.0,900.0,241.50000000000003,0.0,30.0,64.80250000000001,0.0,8.05,6
8.6625,89.09735294117647,25.987499999999997,0.0,0.0,882.0375890138406,257.26860661764704,0.0,29.69911764705882,75.03890625,0.0,8.6625,6
69.55,89.09735294117647,208.64999999999998,30.0,0.0,882.0375890138406,2065.573632352941,0.0,29.69911764705882,4837.202499999999,0.0,69.55,5
16.1,132.0,48.300000000000004,3.0,0.0,1936.0,708.4000000000001,0.0,44.0,259.21000000000004,0.0,16.1,6
15.75,80.0,31.5,0.0,2.0,1600.0,630.0,40.0,0.0,248.0625,15.75,0.0,3
7.775,78.0,23.325000000000003,0.0,0.0,676.0,202.15,0.0,26.0,60.450625,0.0,7.775,6
8.6625,51.0,25.987499999999997,0.0,0.0,289.0,147.2625,0.0,17.0,75.03890625,0.0,8.6625,6
39.6875,3.0,119.0625,15.0,0.0,1.0,39.6875,0.0,1.0,1575.09765625,0.0,39.6875,5
20.525,27.0,61.574999999999996,6.0,0.0,81.0,184.725,0.0,9.0,421.27562499999993,0.0,20.525,5
55.0,29.69911764705882,55.0,1.0,1.0,882.0375890138406,1633.451470588235,29.69911764705882,0.0,3025.0,55.0,0.0,3
27.9,135.0,83.69999999999999,15.0,3.0,2025.0,1255.5,45.0,0.0,778.41,27.9,0.0,3
25.925,29.69911764705882,25.925,0.0,0.0,882.0375890138406,769.949625,0.0,29.69911764705882,672.105625,0.0,25.925,6
56.4958,84.0,169.4874,0.0,0.0,784.0,1581.8824,0.0,28.0,3191.7754176400003,0.0,56.4958,6
33.5,61.0,33.5,0.0,0.0,3721.0,2043.5,0.0,61.0,1122.25,0.0,33.5,6
29.125,12.0,87.375,15.0,0.0,16.0,116.5,0.0,4.0,848.265625,0.0,29.125,5
11.1333,3.0,33.3999,6.0,3.0,1.0,11.1333,1.0,0.0,123.95036889000001,11.1333,0.0,4
7.925,63.0,23.775,0.0,0.0,441.0,166.42499999999998,0.0,21.0,62.805625,0.0,7.925,6
30.6958,56.0,30.6958,0.0,0.0,3136.0,1718.9648,0.0,56.0,942.2321376399999,0.0,30.6958,6
7.8542,54.0,23.5626,6.0,0.0,324.0,141.3756,0.0,18.0,61.688457639999996,0.0,7.8542,6
25.4667,89.09735294117647,76.4001,12.0,0.0,882.0375890138406,756.3385193823528,0.0,29.69911764705882,648.5528088899999,0.0,25.4667,5
28.7125,50.0,28.7125,0.0,1.0,2500.0,1435.625,50.0,0.0,824.40765625,28.7125,0.0,4
13.0,60.0,26.0,0.0,0.0,900.0,390.0,0.0,30.0,169.0,0.0,13.0,6
0.0,108.0,0.0,0.0,0.0,1296.0,0.0,0.0,36.0,0.0,0.0,0.0,6
69.55,89.09735294117647,208.64999999999998,30.0,3.0,882.0375890138406,2065.573632352941,29.69911764705882,0.0,4837.202499999999,69.55,0.0,4
15.05,59.39823529411764,30.1,0.0,0.0,882.0375890138406,446.97172058823526,0.0,29.69911764705882,226.50250000000003,0.0,15.05,6
31.3875,27.0,94.1625,18.0,0.0,81.0,282.4875,0.0,9.0,985.17515625,0.0,31.3875,5
39.0,2.0,78.0,6.0,0.0,1.0,39.0,0.0,1.0,1521.0,0.0,39.0,5
22.025,12.0,66.07499999999999,6.0,3.0,16.0,88.1,4.0,0.0,485.1006249999999,22.025,0.0,4
50.0,29.69911764705882,50.0,0.0,0.0,882.0375890138406,1484.955882352941,0.0,29.69911764705882,2500.0,0.0,50.0,6
15.5,89.09735294117647,46.5,3.0,3.0,882.0375890138406,460.3363235294117,29.69911764705882,0.0,240.25,15.5,0.0,3
26.55,45.0,26.55,0.0,0.0,2025.0,1194.75,0.0,45.0,704.9025,0.0,26.55,6
15.5,120.0,46.5,6.0,0.0,1600.0,620.0,0.0,40.0,240.25,0.0,15.5,6
7.8958,108.0,23.6874,0.0,0.0,1296.0,284.2488,0.0,36.0,62.34365764,0.0,7.8958,6
13.0,64.0,26.0,0.0,2.0,1024.0,416.0,32.0,0.0,169.0,13.0,0.0,3
13.0,38.0,26.0,0.0,0.0,361.0,247.0,0.0,19.0,169.0,0.0,13.0,6
7.8542,57.0,23.5626,3.0,3.0,361.0,149.22979999999998,19.0,0.0,61.688457639999996,7.8542,0.0,4
26.0,6.0,52.0,4.0,0.0,9.0,78.0,0.0,3.0,676.0,0.0,26.0,5
27.7208,44.0,27.7208,0.0,1.0,1936.0,1219.7152,44.0,0.0,768.44275264,27.7208,0.0,3
146.5208,58.0,146.5208,0.0,1.0,3364.0,8498.206400000001,58.0,0.0,21468.344832640003,146.5208,0.0,4
7.75,89.09735294117647,23.25,0.0,0.0,882.0375890138406,230.16816176470584,0.0,29.69911764705882,60.0625,0.0,7.75,6
8.4042,126.0,25.2126,3.0,0.0,1764.0,352.97639999999996,0.0,42.0,70.63057763999998,0.0,8.4042,6
7.75,89.09735294117647,23.25,0.0,3.0,882.0375890138406,230.16816176470584,29.69911764705882,0.0,60.0625,7.75,0.0,4
13.0,48.0,26.0,0.0,2.0,576.0,312.0,24.0,0.0,169.0,13.0,0.0,4
9.5,84.0,28.5,0.0,0.0,784.0,266.0,0.0,28.0,90.25,0.0,9.5,6
69.55,89.09735294117647,208.64999999999998,30.0,0.0,882.0375890138406,2065.573632352941,0.0,29.69911764705882,4837.202499999999,0.0,69.55,6
6.4958,102.0,19.4874,0.0,0.0,1156.0,220.8572,0.0,34.0,42.19541764,0.0,6.4958,6
7.225,136.5,21.674999999999997,0.0,0.0,2070.25,328.7375,0.0,45.5,52.200624999999995,0.0,7.225,6
8.05,54.0,24.150000000000002,0.0,0.0,324.0,144.9,0.0,18.0,64.80250000000001,0.0,8.05,6
10.4625,6.0,31.387500000000003,3.0,3.0,4.0,20.925,2.0,0.0,109.46390625000001,10.4625,0.0,4
15.85,96.0,47.55,3.0,0.0,1024.0,507.2,0.0,32.0,251.2225,0.0,15.85,6
18.7875,78.0,56.362500000000004,0.0,0.0,676.0,488.475,0.0,26.0,352.97015625000006,0.0,18.7875,6
7.75,48.0,23.25,0.0,3.0,256.0,124.0,16.0,0.0,60.0625,7.75,0.0,4
31.0,40.0,31.0,0.0,0.0,1600.0,1240.0,0.0,40.0,961.0,0.0,31.0,6
7.05,72.0,21.15,0.0,0.0,576.0,169.2,0.0,24.0,49.7025,0.0,7.05,6
21.0,70.0,42.0,0.0,2.0,1225.0,735.0,35.0,0.0,441.0,21.0,0.0,4
7.25,66.0,21.75,0.0,0.0,484.0,159.5,0.0,22.0,52.5625,0.0,7.25,6
13.0,60.0,26.0,0.0,0.0,900.0,390.0,0.0,30.0,169.0,0.0,13.0,6
7.75,89.09735294117647,23.25,3.0,0.0,882.0375890138406,230.16816176470584,0.0,29.69911764705882,60.0625,0.0,7.75,6
113.275,31.0,113.275,1.0,1.0,961.0,3511.525,31.0,0.0,12831.225625000001,113.275,0.0,4
7.925,81.0,23.775,0.0,3.0,729.0,213.975,27.0,0.0,62.805625,7.925,0.0,4
27.0,84.0,54.0,2.0,0.0,1764.0,1134.0,0.0,42.0,729.0,0.0,27.0,6
76.2917,32.0,76.2917,0.0,1.0,1024.0,2441.3344,32.0,0.0,5820.423488890001,76.2917,0.0,4
10.5,60.0,21.0,0.0,0.0,900.0,315.0,0.0,30.0,110.25,0.0,10.5,6
8.05,48.0,24.150000000000002,0.0,0.0,256.0,128.8,0.0,16.0,64.80250000000001,0.0,8.05,6
13.0,54.0,26.0,0.0,0.0,729.0,351.0,0.0,27.0,169.0,0.0,13.0,6
8.05,153.0,24.150000000000002,0.0,0.0,2601.0,410.55,0.0,51.0,64.80250000000001,0.0,8.05,6
7.8958,89.09735294117647,23.6874,0.0,0.0,882.0375890138406,234.49829311764705,0.0,29.69911764705882,62.34365764,0.0,7.8958,6
90.0,38.0,90.0,1.0,0.0,1444.0,3420.0,0.0,38.0,8100.0,0.0,90.0,6
9.35,66.0,28.049999999999997,0.0,0.0,484.0,205.7,0.0,22.0,87.4225,0.0,9.35,6
10.5,38.0,21.0,0.0,0.0,361.0,199.5,0.0,19.0,110.25,0.0,10.5,6
7.25,61.5,21.75,0.0,0.0,420.25,148.625,0.0,20.5,52.5625,0.0,7.25,6
13.0,36.0,26.0,0.0,0.0,324.0,234.0,0.0,18.0,169.0,0.0,13.0,6
25.4667,89.09735294117647,76.4001,12.0,3.0,882.0375890138406,756.3385193823528,29.69911764705882,0.0,648.5528088899999,25.4667,0.0,4
83.475,35.0,83.475,1.0,1.0,1225.0,2921.625,35.0,0.0,6968.0756249999995,83.475,0.0,3
7.775,87.0,23.325000000000003,0.0,0.0,841.0,225.47500000000002,0.0,29.0,60.450625,0.0,7.775,6
13.5,118.0,27.0,0.0,0.0,3481.0,796.5,0.0,59.0,182.25,0.0,13.5,6
31.3875,15.0,94.1625,18.0,3.0,25.0,156.9375,5.0,0.0,985.17515625,31.3875,0.0,4
10.5,48.0,21.0,0.0,0.0,576.0,252.0,0.0,24.0,110.25,0.0,10.5,6
7.55,89.09735294117647,22.65,0.0,3.0,882.0375890138406,224.22833823529407,29.69911764705882,0.0,57.0025,7.55,0.0,4
26.0,88.0,52.0,2.0,0.0,1936.0,1144.0,0.0,44.0,676.0,0.0,26.0,6
26.25,16.0,52.5,4.0,2.0,64.0,210.0,8.0,0.0,689.0625,26.25,0.0,4
10.5,38.0,21.0,0.0,0.0,361.0,199.5,0.0,19.0,110.25,0.0,10.5,6
12.275,66.0,24.55,0.0,0.0,1089.0,405.075,0.0,33.0,150.675625,0.0,12.275,6
14.4542,89.09735294117647,43.3626,3.0,3.0,882.0375890138406,429.2769862941176,29.69911764705882,0.0,208.92389764,14.4542,0.0,4
15.5,89.09735294117647,46.5,3.0,3.0,882.0375890138406,460.3363235294117,29.69911764705882,0.0,240.25,15.5,0.0,4
10.5,58.0,21.0,0.0,0.0,841.0,304.5,0.0,29.0,110.25,0.0,10.5,6
7.125,66.0,21.375,0.0,0.0,484.0,156.75,0.0,22.0,50.765625,0.0,7.125,6
7.225,90.0,21.674999999999997,0.0,0.0,900.0,216.75,0.0,30.0,52.200624999999995,0.0,7.225,6
90.0,44.0,90.0,2.0,0.0,1936.0,3960.0,0.0,44.0,8100.0,0.0,90.0,7
7.775,75.0,23.325000000000003,0.0,3.0,625.0,194.375,25.0,0.0,60.450625,7.775,0.0,4
14.5,48.0,29.0,4.0,2.0,576.0,348.0,24.0,0.0,210.25,14.5,0.0,3
52.5542,37.0,52.5542,2.0,0.0,1369.0,1944.5054,0.0,37.0,2761.94393764,0.0,52.5542,6
26.0,108.0,52.0,2.0,0.0,2916.0,1404.0,0.0,54.0,676.0,0.0,26.0,1
7.25,89.09735294117647,21.75,0.0,0.0,882.0375890138406,215.31860294117644,0.0,29.69911764705882,52.5625,0.0,7.25,6
10.4625,87.0,31.387500000000003,6.0,3.0,841.0,303.4125,29.0,0.0,109.46390625000001,10.4625,0.0,3
26.55,62.0,26.55,0.0,0.0,3844.0,1646.1000000000001,0.0,62.0,704.9025,0.0,26.55,6
16.1,90.0,48.300000000000004,3.0,0.0,900.0,483.00000000000006,0.0,30.0,259.21000000000004,0.0,16.1,6
20.2125,123.0,60.637499999999996,6.0,3.0,1681.0,828.7125,41.0,0.0,408.54515624999993,20.2125,0.0,3
15.2458,87.0,45.737399999999994,6.0,3.0,841.0,442.1282,29.0,0.0,232.43441763999996,15.2458,0.0,3
79.2,29.69911764705882,79.2,0.0,1.0,882.0375890138406,2352.1701176470588,29.69911764705882,0.0,6272.64,79.2,0.0,3
86.5,30.0,86.5,0.0,1.0,900.0,2595.0,30.0,0.0,7482.25,86.5,0.0,4
512.3292,35.0,512.3292,0.0,1.0,1225.0,17931.522,35.0,0.0,262481.20917264,512.3292,0.0,4
26.0,100.0,52.0,2.0,2.0,2500.0,1300.0,50.0,0.0,676.0,26.0,0.0,3
7.75,89.09735294117647,23.25,0.0,0.0,882.0375890138406,230.16816176470584,0.0,29.69911764705882,60.0625,0.0,7.75,6
31.3875,9.0,94.1625,18.0,0.0,9.0,94.1625,0.0,3.0,985.17515625,0.0,31.3875,5
79.65,52.0,79.65,2.0,0.0,2704.0,4141.8,0.0,52.0,6344.122500000001,0.0,79.65,6
0.0,40.0,0.0,0.0,0.0,1600.0,0.0,0.0,40.0,0.0,0.0,0.0,6
7.75,89.09735294117647,23.25,0.0,3.0,882.0375890138406,230.16816176470584,29.69911764705882,0.0,60.0625,7.75,0.0,4
10.5,72.0,21.0,0.0,0.0,1296.0,378.0,0.0,36.0,110.25,0.0,10.5,6
39.6875,48.0,119.0625,15.0,0.0,256.0,635.0,0.0,16.0,1575.09765625,0.0,39.6875,6
7.775,75.0,23.325000000000003,3.0,0.0,625.0,194.375,0.0,25.0,60.450625,0.0,7.775,6
153.4625,58.0,153.4625,1.0,1.0,3364.0,8900.825,58.0,0.0,23550.73890625,153.4625,0.0,3
135.6333,35.0,135.6333,0.0,1.0,1225.0,4747.1655,35.0,0.0,18396.392068889996,135.6333,0.0,4
31.0,29.69911764705882,31.0,0.0,0.0,882.0375890138406,920.6726470588234,0.0,29.69911764705882,961.0,0.0,31.0,6
0.0,75.0,0.0,0.0,0.0,625.0,0.0,0.0,25.0,0.0,0.0,0.0,6
19.5,82.0,39.0,2.0,2.0,1681.0,799.5,41.0,0.0,380.25,19.5,0.0,3
29.7,37.0,29.7,1.0,0.0,1369.0,1098.8999999999999,0.0,37.0,882.0899999999999,0.0,29.7,6
7.75,89.09735294117647,23.25,0.0,3.0,882.0375890138406,230.16816176470584,29.69911764705882,0.0,60.0625,7.75,0.0,4
77.9583,63.0,77.9583,1.0,1.0,3969.0,4911.372899999999,63.0,0.0,6077.496538889999,77.9583,0.0,4
7.75,135.0,23.25,0.0,3.0,2025.0,348.75,45.0,0.0,60.0625,7.75,0.0,4
0.0,59.39823529411764,0.0,0.0,0.0,882.0375890138406,0.0,0.0,29.69911764705882,0.0,0.0,0.0,6
29.125,21.0,87.375,15.0,0.0,49.0,203.875,0.0,7.0,848.265625,0.0,29.125,5
20.25,105.0,60.75,6.0,3.0,1225.0,708.75,35.0,0.0,410.0625,20.25,0.0,3
7.75,195.0,23.25,0.0,0.0,4225.0,503.75,0.0,65.0,60.0625,0.0,7.75,6
7.8542,84.0,23.5626,0.0,0.0,784.0,219.9176,0.0,28.0,61.688457639999996,0.0,7.8542,6
9.5,48.0,28.5,0.0,0.0,256.0,152.0,0.0,16.0,90.25,0.0,9.5,6
8.05,57.0,24.150000000000002,0.0,0.0,361.0,152.95000000000002,0.0,19.0,64.80250000000001,0.0,8.05,6
26.0,29.69911764705882,26.0,0.0,0.0,882.0375890138406,772.1770588235294,0.0,29.69911764705882,676.0,0.0,26.0,6
8.6625,99.0,25.987499999999997,0.0,0.0,1089.0,285.8625,0.0,33.0,75.03890625,0.0,8.6625,6
9.5,90.0,28.5,0.0,0.0,900.0,285.0,0.0,30.0,90.25,0.0,9.5,6
7.8958,66.0,23.6874,0.0,0.0,484.0,173.7076,0.0,22.0,62.34365764,0.0,7.8958,6
13.0,84.0,26.0,0.0,0.0,1764.0,546.0,0.0,42.0,169.0,0.0,13.0,6
7.75,66.0,23.25,0.0,3.0,484.0,170.5,22.0,0.0,60.0625,7.75,0.0,4
78.85,26.0,78.85,0.0,1.0,676.0,2050.1,26.0,0.0,6217.322499999999,78.85,0.0,4
91.0792,19.0,91.0792,1.0,1.0,361.0,1730.5048,19.0,0.0,8295.42067264,91.0792,0.0,3
12.875,72.0,25.75,0.0,0.0,1296.0,463.5,0.0,36.0,165.765625,0.0,12.875,6
8.85,72.0,26.549999999999997,0.0,3.0,576.0,212.39999999999998,24.0,0.0,78.32249999999999,8.85,0.0,4
7.8958,72.0,23.6874,0.0,0.0,576.0,189.4992,0.0,24.0,62.34365764,0.0,7.8958,6
27.7208,29.69911764705882,27.7208,0.0,0.0,882.0375890138406,823.2833004705882,0.0,29.69911764705882,768.44275264,0.0,27.7208,6
7.2292,70.5,21.6876,0.0,0.0,552.25,169.8862,0.0,23.5,52.26133263999999,0.0,7.2292,6
151.55,2.0,151.55,3.0,1.0,4.0,303.1,2.0,0.0,22967.402500000004,151.55,0.0,4
30.5,29.69911764705882,30.5,0.0,0.0,882.0375890138406,905.823088235294,0.0,29.69911764705882,930.25,0.0,30.5,6
247.5208,50.0,247.5208,1.0,1.0,2500.0,12376.04,50.0,0.0,61266.54643264,247.5208,0.0,3
7.75,89.09735294117647,23.25,0.0,3.0,882.0375890138406,230.16816176470584,29.69911764705882,0.0,60.0625,7.75,0.0,4
23.25,89.09735294117647,69.75,6.0,0.0,882.0375890138406,690.5044852941176,0.0,29.69911764705882,540.5625,0.0,23.25,6
0.0,57.0,0.0,0.0,0.0,361.0,0.0,0.0,19.0,0.0,0.0,0.0,6
12.35,59.39823529411764,24.7,0.0,2.0,882.0375890138406,366.7841029411764,29.69911764705882,0.0,152.52249999999998,12.35,0.0,4
8.05,89.09735294117647,24.150000000000002,0.0,0.0,882.0375890138406,239.0778970588235,0.0,29.69911764705882,64.80250000000001,0.0,8.05,6
151.55,0.92,151.55,3.0,0.0,0.8464,139.42600000000002,0.0,0.92,22967.402500000004,0.0,151.55,5
110.8833,29.69911764705882,110.8833,0.0,1.0,882.0375890138406,3293.136171794117,29.69911764705882,0.0,12295.106218890001,110.8833,0.0,4
108.9,17.0,108.9,1.0,1.0,289.0,1851.3000000000002,17.0,0.0,11859.210000000001,108.9,0.0,3
24.0,60.0,48.0,2.0,0.0,900.0,720.0,0.0,30.0,576.0,0.0,24.0,6
56.9292,30.0,56.9292,0.0,1.0,900.0,1707.876,30.0,0.0,3240.9338126400003,56.9292,0.0,4
83.1583,24.0,83.1583,0.0,1.0,576.0,1995.7992,24.0,0.0,6915.30285889,83.1583,0.0,4
262.375,18.0,262.375,4.0,1.0,324.0,4722.75,18.0,0.0,68840.640625,262.375,0.0,4
26.0,52.0,52.0,4.0,2.0,676.0,676.0,26.0,0.0,676.0,26.0,0.0,3
7.8958,84.0,23.6874,0.0,0.0,784.0,221.0824,0.0,28.0,62.34365764,0.0,7.8958,6
26.25,86.0,52.5,4.0,0.0,1849.0,1128.75,0.0,43.0,689.0625,0.0,26.25,6
7.8542,78.0,23.5626,0.0,3.0,676.0,204.20919999999998,26.0,0.0,61.688457639999996,7.8542,0.0,4
26.0,48.0,52.0,2.0,2.0,576.0,624.0,24.0,0.0,676.0,26.0,0.0,3
14.0,108.0,28.0,0.0,0.0,2916.0,756.0,0.0,54.0,196.0,0.0,14.0,7
164.8667,31.0,164.8667,2.0,1.0,961.0,5110.867700000001,31.0,0.0,27181.028768890003,164.8667,0.0,4
134.5,40.0,134.5,2.0,1.0,1600.0,5380.0,40.0,0.0,18090.25,134.5,0.0,3
7.25,66.0,21.75,0.0,0.0,484.0,159.5,0.0,22.0,52.5625,0.0,7.25,6
7.8958,81.0,23.6874,0.0,0.0,729.0,213.1866,0.0,27.0,62.34365764,0.0,7.8958,6
12.35,60.0,24.7,0.0,2.0,900.0,370.5,30.0,0.0,152.52249999999998,12.35,0.0,4
29.0,44.0,58.0,4.0,2.0,484.0,638.0,22.0,0.0,841.0,29.0,0.0,3
69.55,89.09735294117647,208.64999999999998,30.0,0.0,882.0375890138406,2065.573632352941,0.0,29.69911764705882,4837.202499999999,0.0,69.55,6
135.6333,36.0,135.6333,0.0,1.0,1296.0,4882.7988,36.0,0.0,18396.392068889996,135.6333,0.0,4
6.2375,183.0,18.7125,0.0,0.0,3721.0,380.4875,0.0,61.0,38.906406249999996,0.0,6.2375,6
13.0,72.0,26.0,0.0,2.0,1296.0,468.0,36.0,0.0,169.0,13.0,0.0,3
20.525,93.0,61.574999999999996,6.0,3.0,961.0,636.275,31.0,0.0,421.27562499999993,20.525,0.0,3
57.9792,16.0,57.9792,1.0,1.0,256.0,927.6672,16.0,0.0,3361.58763264,57.9792,0.0,4
23.25,89.09735294117647,69.75,6.0,3.0,882.0375890138406,690.5044852941176,29.69911764705882,0.0,540.5625,23.25,0.0,4
28.5,45.5,28.5,0.0,0.0,2070.25,1296.75,0.0,45.5,812.25,0.0,28.5,6
153.4625,38.0,153.4625,1.0,0.0,1444.0,5831.575,0.0,38.0,23550.73890625,0.0,153.4625,6
18.0,48.0,54.0,6.0,0.0,256.0,288.0,0.0,16.0,324.0,0.0,18.0,6
133.65,29.69911764705882,133.65,1.0,1.0,882.0375890138406,3969.2870735294114,29.69911764705882,0.0,17862.322500000002,133.65,0.0,3
7.8958,89.09735294117647,23.6874,0.0,0.0,882.0375890138406,234.49829311764705,0.0,29.69911764705882,62.34365764,0.0,7.8958,6
66.6,29.0,66.6,1.0,0.0,841.0,1931.3999999999999,0.0,29.0,4435.5599999999995,0.0,66.6,6
134.5,41.0,134.5,0.0,1.0,1681.0,5514.5,41.0,0.0,18090.25,134.5,0.0,4
8.05,135.0,24.150000000000002,0.0,0.0,2025.0,362.25000000000006,0.0,45.0,64.80250000000001,0.0,8.05,6
35.5,45.0,35.5,0.0,0.0,2025.0,1597.5,0.0,45.0,1260.25,0.0,35.5,6
26.0,4.0,52.0,4.0,0.0,4.0,52.0,0.0,2.0,676.0,0.0,26.0,5
263.0,24.0,263.0,5.0,1.0,576.0,6312.0,24.0,0.0,69169.0,263.0,0.0,4
13.0,56.0,26.0,0.0,0.0,784.0,364.0,0.0,28.0,169.0,0.0,13.0,6
13.0,50.0,26.0,0.0,0.0,625.0,325.0,0.0,25.0,169.0,0.0,13.0,6
13.0,72.0,26.0,0.0,0.0,1296.0,468.0,0.0,36.0,169.0,0.0,13.0,6
13.0,48.0,26.0,0.0,2.0,576.0,312.0,24.0,0.0,169.0,13.0,0.0,4
13.0,80.0,26.0,0.0,2.0,1600.0,520.0,40.0,0.0,169.0,13.0,0.0,4
16.1,89.09735294117647,48.300000000000004,3.0,3.0,882.0375890138406,478.155794117647,29.69911764705882,0.0,259.21000000000004,16.1,0.0,3
15.9,9.0,47.7,6.0,0.0,9.0,47.7,0.0,3.0,252.81,0.0,15.9,5
8.6625,126.0,25.987499999999997,0.0,0.0,1764.0,363.825,0.0,42.0,75.03890625,0.0,8.6625,6
9.225,69.0,27.674999999999997,0.0,0.0,529.0,212.17499999999998,0.0,23.0,85.100625,0.0,9.225,6
35.0,29.69911764705882,35.0,0.0,0.0,882.0375890138406,1039.4691176470587,0.0,29.69911764705882,1225.0,0.0,35.0,6
7.2292,45.0,21.6876,6.0,0.0,225.0,108.43799999999999,0.0,15.0,52.26133263999999,0.0,7.2292,6
17.8,75.0,53.400000000000006,3.0,0.0,625.0,445.0,0.0,25.0,316.84000000000003,0.0,17.8,6
7.225,89.09735294117647,21.674999999999997,0.0,0.0,882.0375890138406,214.57612499999996,0.0,29.69911764705882,52.200624999999995,0.0,7.225,6
9.5,84.0,28.5,0.0,0.0,784.0,266.0,0.0,28.0,90.25,0.0,9.5,6
55.0,22.0,55.0,1.0,1.0,484.0,1210.0,22.0,0.0,3025.0,55.0,0.0,4
13.0,76.0,26.0,0.0,2.0,1444.0,494.0,38.0,0.0,169.0,13.0,0.0,4
7.8792,89.09735294117647,23.6376,0.0,3.0,882.0375890138406,234.00528776470586,29.69911764705882,0.0,62.081792639999996,7.8792,0.0,4
7.8792,89.09735294117647,23.6376,0.0,3.0,882.0375890138406,234.00528776470586,29.69911764705882,0.0,62.081792639999996,7.8792,0.0,4
27.9,120.0,83.69999999999999,15.0,0.0,1600.0,1116.0,0.0,40.0,778.41,0.0,27.9,6
27.7208,58.0,55.4416,2.0,0.0,841.0,803.9032,0.0,29.0,768.44275264,0.0,27.7208,6
14.4542,135.0,43.3626,3.0,3.0,2025.0,650.439,45.0,0.0,208.92389764,14.4542,0.0,3
7.05,105.0,21.15,0.0,0.0,1225.0,246.75,0.0,35.0,49.7025,0.0,7.05,6
15.5,89.09735294117647,46.5,3.0,0.0,882.0375890138406,460.3363235294117,0.0,29.69911764705882,240.25,0.0,15.5,6
7.25,90.0,21.75,0.0,0.0,900.0,217.5,0.0,30.0,52.5625,0.0,7.25,6
75.25,60.0,75.25,1.0,1.0,3600.0,4515.0,60.0,0.0,5662.5625,75.25,0.0,3
7.2292,89.09735294117647,21.6876,0.0,3.0,882.0375890138406,214.7008612941176,29.69911764705882,0.0,52.26133263999999,7.2292,0.0,3
7.75,89.09735294117647,23.25,0.0,3.0,882.0375890138406,230.16816176470584,29.69911764705882,0.0,60.0625,7.75,0.0,4
69.3,24.0,69.3,0.0,1.0,576.0,1663.1999999999998,24.0,0.0,4802.49,69.3,0.0,0
55.4417,25.0,55.4417,1.0,0.0,625.0,1386.0425,0.0,25.0,3073.78209889,0.0,55.4417,6
6.4958,54.0,19.4874,3.0,0.0,324.0,116.9244,0.0,18.0,42.19541764,0.0,6.4958,6
8.05,57.0,24.150000000000002,0.0,0.0,361.0,152.95000000000002,0.0,19.0,64.80250000000001,0.0,8.05,6
135.6333,22.0,135.6333,0.0,0.0,484.0,2983.9325999999996,0.0,22.0,18396.392068889996,0.0,135.6333,6
21.075,9.0,63.224999999999994,12.0,3.0,9.0,63.224999999999994,3.0,0.0,444.155625,21.075,0.0,4
82.1708,29.69911764705882,82.1708,1.0,1.0,882.0375890138406,2440.4002563529407,29.69911764705882,0.0,6752.04037264,82.1708,0.0,3
7.25,66.0,21.75,0.0,3.0,484.0,159.5,22.0,0.0,52.5625,7.25,0.0,4
211.5,27.0,211.5,2.0,0.0,729.0,5710.5,0.0,27.0,44732.25,0.0,211.5,6
4.0125,60.0,12.037500000000001,0.0,0.0,400.0,80.25,0.0,20.0,16.10015625,0.0,4.0125,6
7.775,57.0,23.325000000000003,0.0,0.0,361.0,147.725,0.0,19.0,60.450625,0.0,7.775,6
227.525,42.0,227.525,0.0,1.0,1764.0,9556.050000000001,42.0,0.0,51767.625625,227.525,0.0,4
15.7417,3.0,47.2251,6.0,3.0,1.0,15.7417,1.0,0.0,247.80111889,15.7417,0.0,4
7.925,96.0,23.775,0.0,0.0,1024.0,253.6,0.0,32.0,62.805625,0.0,7.925,6
52.0,35.0,52.0,1.0,1.0,1225.0,1820.0,35.0,0.0,2704.0,52.0,0.0,3
7.8958,89.09735294117647,23.6874,0.0,0.0,882.0375890138406,234.49829311764705,0.0,29.69911764705882,62.34365764,0.0,7.8958,6
73.5,36.0,147.0,0.0,0.0,324.0,1323.0,0.0,18.0,5402.25,0.0,73.5,6
46.9,3.0,140.7,21.0,0.0,1.0,46.9,0.0,1.0,2199.6099999999997,0.0,46.9,5
13.0,72.0,26.0,0.0,2.0,1296.0,468.0,36.0,0.0,169.0,13.0,0.0,4
7.7292,89.09735294117647,23.1876,0.0,0.0,882.0375890138406,229.550420117647,0.0,29.69911764705882,59.74053263999999,0.0,7.7292,6
12.0,34.0,24.0,0.0,2.0,289.0,204.0,17.0,0.0,144.0,12.0,0.0,4
120.0,36.0,120.0,3.0,0.0,1296.0,4320.0,0.0,36.0,14400.0,0.0,120.0,6
7.7958,63.0,23.3874,0.0,0.0,441.0,163.71179999999998,0.0,21.0,60.77449764,0.0,7.7958,6
7.925,84.0,23.775,6.0,0.0,784.0,221.9,0.0,28.0,62.805625,0.0,7.925,6
113.275,23.0,113.275,1.0,1.0,529.0,2605.3250000000003,23.0,0.0,12831.225625000001,113.275,0.0,4
16.7,72.0,50.099999999999994,6.0,3.0,576.0,400.79999999999995,24.0,0.0,278.89,16.7,0.0,3
7.7958,66.0,23.3874,0.0,0.0,484.0,171.5076,0.0,22.0,60.77449764,0.0,7.7958,6
7.8542,93.0,23.5626,0.0,3.0,961.0,243.4802,31.0,0.0,61.688457639999996,7.8542,0.0,4
26.0,92.0,52.0,0.0,0.0,2116.0,1196.0,0.0,46.0,676.0,0.0,26.0,6
10.5,46.0,21.0,0.0,0.0,529.0,241.5,0.0,23.0,110.25,0.0,10.5,7
12.65,56.0,25.3,0.0,2.0,784.0,354.2,28.0,0.0,160.0225,12.65,0.0,3
7.925,117.0,23.775,0.0,0.0,1521.0,309.075,0.0,39.0,62.805625,0.0,7.925,6
8.05,78.0,24.150000000000002,0.0,0.0,676.0,209.3,0.0,26.0,64.80250000000001,0.0,8.05,6
9.825,63.0,29.474999999999998,3.0,3.0,441.0,206.325,21.0,0.0,96.53062499999999,9.825,0.0,4
15.85,84.0,47.55,3.0,0.0,784.0,443.8,0.0,28.0,251.2225,0.0,15.85,6
8.6625,60.0,25.987499999999997,0.0,3.0,400.0,173.25,20.0,0.0,75.03890625,8.6625,0.0,4
21.0,68.0,42.0,2.0,0.0,1156.0,714.0,0.0,34.0,441.0,0.0,21.0,6
7.75,153.0,23.25,0.0,0.0,2601.0,395.25,0.0,51.0,60.0625,0.0,7.75,6
18.75,6.0,37.5,4.0,0.0,9.0,56.25,0.0,3.0,351.5625,0.0,18.75,5
7.775,63.0,23.325000000000003,0.0,0.0,441.0,163.275,0.0,21.0,60.450625,0.0,7.775,6
25.4667,89.09735294117647,76.4001,12.0,3.0,882.0375890138406,756.3385193823528,29.69911764705882,0.0,648.5528088899999,25.4667,0.0,4
7.8958,89.09735294117647,23.6874,0.0,0.0,882.0375890138406,234.49829311764705,0.0,29.69911764705882,62.34365764,0.0,7.8958,6
6.8583,89.09735294117647,20.5749,0.0,0.0,882.0375890138406,203.6854585588235,0.0,29.69911764705882,47.03627889,0.0,6.8583,6
90.0,33.0,90.0,1.0,1.0,1089.0,2970.0,33.0,0.0,8100.0,90.0,0.0,4
0.0,59.39823529411764,0.0,0.0,0.0,882.0375890138406,0.0,0.0,29.69911764705882,0.0,0.0,0.0,6
7.925,132.0,23.775,0.0,0.0,1936.0,348.7,0.0,44.0,62.805625,0.0,7.925,6
8.05,89.09735294117647,24.150000000000002,0.0,3.0,882.0375890138406,239.0778970588235,29.69911764705882,0.0,64.80250000000001,8.05,0.0,3
32.5,68.0,65.0,4.0,2.0,1156.0,1105.0,34.0,0.0,1056.25,32.5,0.0,3
13.0,36.0,26.0,4.0,2.0,324.0,234.0,18.0,0.0,169.0,13.0,0.0,4
13.0,60.0,26.0,0.0,0.0,900.0,390.0,0.0,30.0,169.0,0.0,13.0,6
24.15,30.0,72.44999999999999,6.0,3.0,100.0,241.5,10.0,0.0,583.2225,24.15,0.0,4
7.8958,89.09735294117647,23.6874,0.0,0.0,882.0375890138406,234.49829311764705,0.0,29.69911764705882,62.34365764,0.0,7.8958,6
7.7333,63.0,23.1999,0.0,0.0,441.0,162.39929999999998,0.0,21.0,59.803928889999995,0.0,7.7333,6
7.875,87.0,23.625,0.0,0.0,841.0,228.375,0.0,29.0,62.015625,0.0,7.875,6
14.4,84.0,43.2,6.0,3.0,784.0,403.2,28.0,0.0,207.36,14.4,0.0,3
20.2125,54.0,60.637499999999996,6.0,0.0,324.0,363.825,0.0,18.0,408.54515624999993,0.0,20.2125,6
7.25,89.09735294117647,21.75,0.0,0.0,882.0375890138406,215.31860294117644,0.0,29.69911764705882,52.5625,0.0,7.25,6
26.0,56.0,52.0,2.0,2.0,784.0,728.0,28.0,0.0,676.0,26.0,0.0,3
26.0,38.0,52.0,0.0,2.0,361.0,494.0,19.0,0.0,676.0,26.0,0.0,4
7.75,89.09735294117647,23.25,0.0,0.0,882.0375890138406,230.16816176470584,0.0,29.69911764705882,60.0625,0.0,7.75,6
8.05,96.0,24.150000000000002,0.0,0.0,1024.0,257.6,0.0,32.0,64.80250000000001,0.0,8.05,6
26.55,28.0,26.55,0.0,0.0,784.0,743.4,0.0,28.0,704.9025,0.0,26.55,6
16.1,89.09735294117647,48.300000000000004,3.0,3.0,882.0375890138406,478.155794117647,29.69911764705882,0.0,259.21000000000004,16.1,0.0,3
26.0,84.0,52.0,2.0,2.0,1764.0,1092.0,42.0,0.0,676.0,26.0,0.0,3
7.125,51.0,21.375,0.0,0.0,289.0,121.125,0.0,17.0,50.765625,0.0,7.125,6
55.9,50.0,55.9,1.0,0.0,2500.0,2795.0,0.0,50.0,3124.81,0.0,55.9,6
120.0,14.0,120.0,3.0,1.0,196.0,1680.0,14.0,0.0,14400.0,120.0,0.0,4
34.375,63.0,103.125,12.0,3.0,441.0,721.875,21.0,0.0,1181.640625,34.375,0.0,4
18.75,48.0,37.5,10.0,2.0,576.0,450.0,24.0,0.0,351.5625,18.75,0.0,3
263.0,64.0,263.0,5.0,0.0,4096.0,16832.0,0.0,64.0,69169.0,0.0,263.0,6
10.5,62.0,21.0,0.0,0.0,961.0,325.5,0.0,31.0,110.25,0.0,10.5,6
26.25,90.0,52.5,4.0,2.0,2025.0,1181.25,45.0,0.0,689.0625,26.25,0.0,3
9.5,60.0,28.5,0.0,0.0,400.0,190.0,0.0,20.0,90.25,0.0,9.5,6
7.775,75.0,23.325000000000003,3.0,0.0,625.0,194.375,0.0,25.0,60.450625,0.0,7.775,6
13.0,56.0,26.0,0.0,2.0,784.0,364.0,28.0,0.0,169.0,13.0,0.0,0
8.1125,89.09735294117647,24.337500000000002,0.0,0.0,882.0375890138406,240.9340919117647,0.0,29.69911764705882,65.81265625000002,0.0,8.1125,6
81.8583,4.0,81.8583,2.0,0.0,16.0,327.4332,0.0,4.0,6700.78127889,0.0,81.8583,5
19.5,26.0,39.0,2.0,2.0,169.0,253.5,13.0,0.0,380.25,19.5,0.0,4
26.55,34.0,26.55,0.0,0.0,1156.0,902.7,0.0,34.0,704.9025,0.0,26.55,6
19.2583,15.0,57.774899999999995,9.0,3.0,25.0,96.29149999999998,5.0,0.0,370.88211888999996,19.2583,0.0,4
30.5,52.0,30.5,0.0,0.0,2704.0,1586.0,0.0,52.0,930.25,0.0,30.5,2
27.75,72.0,55.5,6.0,0.0,1296.0,999.0,0.0,36.0,770.0625,0.0,27.75,6
19.9667,89.09735294117647,59.900099999999995,3.0,0.0,882.0375890138406,592.9933723235293,0.0,29.69911764705882,398.66910888999996,0.0,19.9667,6
27.75,30.0,27.75,0.0,0.0,900.0,832.5,0.0,30.0,770.0625,0.0,27.75,6
89.1042,49.0,89.1042,1.0,0.0,2401.0,4366.1058,0.0,49.0,7939.558457640001,0.0,89.1042,6
8.05,89.09735294117647,24.150000000000002,0.0,0.0,882.0375890138406,239.0778970588235,0.0,29.69911764705882,64.80250000000001,0.0,8.05,6
7.8958,87.0,23.6874,0.0,0.0,841.0,228.97820000000002,0.0,29.0,62.34365764,0.0,7.8958,6
26.55,65.0,26.55,0.0,0.0,4225.0,1725.75,0.0,65.0,704.9025,0.0,26.55,6
51.8625,29.69911764705882,51.8625,1.0,1.0,882.0375890138406,1540.270488970588,29.69911764705882,0.0,2689.7189062499997,51.8625,0.0,3
10.5,100.0,21.0,0.0,2.0,2500.0,525.0,50.0,0.0,110.25,10.5,0.0,4
7.75,89.09735294117647,23.25,0.0,0.0,882.0375890138406,230.16816176470584,0.0,29.69911764705882,60.0625,0.0,7.75,6
26.55,48.0,26.55,0.0,0.0,2304.0,1274.4,0.0,48.0,704.9025,0.0,26.55,6
8.05,102.0,24.150000000000002,0.0,0.0,1156.0,273.70000000000005,0.0,34.0,64.80250000000001,0.0,8.05,6
38.5,47.0,38.5,0.0,0.0,2209.0,1809.5,0.0,47.0,1482.25,0.0,38.5,6
13.0,96.0,26.0,0.0,0.0,2304.0,624.0,0.0,48.0,169.0,0.0,13.0,6
8.05,89.09735294117647,24.150000000000002,0.0,0.0,882.0375890138406,239.0778970588235,0.0,29.69911764705882,64.80250000000001,0.0,8.05,6
7.05,114.0,21.15,0.0,0.0,1444.0,267.9,0.0,38.0,49.7025,0.0,7.05,6
0.0,59.39823529411764,0.0,0.0,0.0,882.0375890138406,0.0,0.0,29.69911764705882,0.0,0.0,0.0,6
26.55,56.0,26.55,0.0,0.0,3136.0,1486.8,0.0,56.0,704.9025,0.0,26.55,6
7.725,89.09735294117647,23.174999999999997,0.0,0.0,882.0375890138406,229.42568382352937,0.0,29.69911764705882,59.675625,0.0,7.725,6
19.2583,2.25,57.774899999999995,9.0,3.0,0.5625,14.443724999999999,0.75,0.0,370.88211888999996,19.2583,0.0,4
7.25,89.09735294117647,21.75,0.0,0.0,882.0375890138406,215.31860294117644,0.0,29.69911764705882,52.5625,0.0,7.25,6
8.6625,114.0,25.987499999999997,0.0,0.0,1444.0,329.175,0.0,38.0,75.03890625,0.0,8.6625,6
27.75,66.0,55.5,6.0,2.0,1089.0,915.75,33.0,0.0,770.0625,27.75,0.0,3
13.7917,46.0,27.5834,0.0,2.0,529.0,317.20910000000003,23.0,0.0,190.21098889,13.7917,0.0,3
9.8375,66.0,29.512500000000003,0.0,3.0,484.0,216.425,22.0,0.0,96.77640625000001,9.8375,0.0,4
52.0,29.69911764705882,52.0,0.0,0.0,882.0375890138406,1544.3541176470587,0.0,29.69911764705882,2704.0,0.0,52.0,6
21.0,68.0,42.0,2.0,0.0,1156.0,714.0,0.0,34.0,441.0,0.0,21.0,6
7.0458,87.0,21.1374,3.0,0.0,841.0,204.32819999999998,0.0,29.0,49.64329764,0.0,7.0458,6
7.5208,66.0,22.5624,0.0,0.0,484.0,165.4576,0.0,22.0,56.562432640000004,0.0,7.5208,6
12.2875,6.0,36.8625,3.0,3.0,4.0,24.575,2.0,0.0,150.98265625,12.2875,0.0,4
46.9,27.0,140.7,21.0,0.0,81.0,422.09999999999997,0.0,9.0,2199.6099999999997,0.0,46.9,5
0.0,59.39823529411764,0.0,0.0,0.0,882.0375890138406,0.0,0.0,29.69911764705882,0.0,0.0,0.0,6
8.05,150.0,24.150000000000002,0.0,0.0,2500.0,402.50000000000006,0.0,50.0,64.80250000000001,0.0,8.05,6
9.5875,189.0,28.762500000000003,0.0,3.0,3969.0,604.0125,63.0,0.0,91.92015625,9.5875,0.0,3
91.0792,25.0,91.0792,1.0,0.0,625.0,2276.98,0.0,25.0,8295.42067264,0.0,91.0792,6
25.4667,89.09735294117647,76.4001,12.0,3.0,882.0375890138406,756.3385193823528,29.69911764705882,0.0,648.5528088899999,25.4667,0.0,4
90.0,35.0,90.0,1.0,1.0,1225.0,3150.0,35.0,0.0,8100.0,90.0,0.0,3
29.7,58.0,29.7,0.0,0.0,3364.0,1722.6,0.0,58.0,882.0899999999999,0.0,29.7,6
8.05,90.0,24.150000000000002,0.0,0.0,900.0,241.50000000000003,0.0,30.0,64.80250000000001,0.0,8.05,6
15.9,27.0,47.7,6.0,0.0,81.0,143.1,0.0,9.0,252.81,0.0,15.9,5
19.9667,89.09735294117647,59.900099999999995,3.0,0.0,882.0375890138406,592.9933723235293,0.0,29.69911764705882,398.66910888999996,0.0,19.9667,6
7.25,63.0,21.75,0.0,0.0,441.0,152.25,0.0,21.0,52.5625,0.0,7.25,6
30.5,55.0,30.5,0.0,0.0,3025.0,1677.5,0.0,55.0,930.25,0.0,30.5,6
49.5042,71.0,49.5042,0.0,0.0,5041.0,3514.7981999999997,0.0,71.0,2450.6658176399997,0.0,49.5042,6
8.05,63.0,24.150000000000002,0.0,0.0,441.0,169.05,0.0,21.0,64.80250000000001,0.0,8.05,6
14.4583,89.09735294117647,43.3749,0.0,0.0,882.0375890138406,429.3987526764705,0.0,29.69911764705882,209.04243888999997,0.0,14.4583,6
78.2667,54.0,78.2667,1.0,1.0,2916.0,4226.4018,54.0,0.0,6125.67632889,78.2667,0.0,4
15.1,89.09735294117647,45.3,0.0,0.0,882.0375890138406,448.45667647058815,0.0,29.69911764705882,228.01,0.0,15.1,6
151.55,25.0,151.55,3.0,1.0,625.0,3788.7500000000005,25.0,0.0,22967.402500000004,151.55,0.0,3
7.7958,72.0,23.3874,0.0,0.0,576.0,187.0992,0.0,24.0,60.77449764,0.0,7.7958,6
8.6625,51.0,25.987499999999997,0.0,0.0,289.0,147.2625,0.0,17.0,75.03890625,0.0,8.6625,6
7.75,63.0,23.25,0.0,3.0,441.0,162.75,21.0,0.0,60.0625,7.75,0.0,4
7.6292,89.09735294117647,22.8876,0.0,3.0,882.0375890138406,226.58050835294114,29.69911764705882,0.0,58.20469264,7.6292,0.0,4
9.5875,111.0,28.762500000000003,0.0,3.0,1369.0,354.7375,37.0,0.0,91.92015625,9.5875,0.0,4
86.5,16.0,86.5,0.0,1.0,256.0,1384.0,16.0,0.0,7482.25,86.5,0.0,4
108.9,18.0,108.9,1.0,0.0,324.0,1960.2,0.0,18.0,11859.210000000001,0.0,108.9,6
26.0,66.0,52.0,4.0,2.0,1089.0,858.0,33.0,0.0,676.0,26.0,0.0,3
26.55,29.69911764705882,26.55,0.0,0.0,882.0375890138406,788.5115735294117,0.0,29.69911764705882,704.9025,0.0,26.55,6
22.525,84.0,67.57499999999999,0.0,0.0,784.0,630.6999999999999,0.0,28.0,507.37562499999996,0.0,22.525,6
56.4958,78.0,169.4874,0.0,0.0,676.0,1468.8908000000001,0.0,26.0,3191.7754176400003,0.0,56.4958,6
7.75,87.0,23.25,0.0,0.0,841.0,224.75,0.0,29.0,60.0625,0.0,7.75,6
8.05,89.09735294117647,24.150000000000002,0.0,0.0,882.0375890138406,239.0778970588235,0.0,29.69911764705882,64.80250000000001,0.0,8.05,6
26.2875,36.0,26.2875,0.0,0.0,1296.0,946.35,0.0,36.0,691.0326562500001,0.0,26.2875,6
59.4,54.0,59.4,1.0,1.0,2916.0,3207.6,54.0,0.0,3528.3599999999997,59.4,0.0,3
7.4958,72.0,22.4874,0.0,0.0,576.0,179.8992,0.0,24.0,56.18701764,0.0,7.4958,6
34.0208,47.0,34.0208,0.0,0.0,2209.0,1598.9776000000002,0.0,47.0,1157.41483264,0.0,34.0208,6
10.5,68.0,21.0,0.0,2.0,1156.0,357.0,34.0,0.0,110.25,10.5,0.0,3
24.15,89.09735294117647,72.44999999999999,0.0,0.0,882.0375890138406,717.2336911764704,0.0,29.69911764705882,583.2225,0.0,24.15,6
26.0,72.0,52.0,2.0,2.0,1296.0,936.0,36.0,0.0,676.0,26.0,0.0,3
7.8958,96.0,23.6874,0.0,0.0,1024.0,252.6656,0.0,32.0,62.34365764,0.0,7.8958,6
93.5,30.0,93.5,0.0,1.0,900.0,2805.0,30.0,0.0,8742.25,93.5,0.0,4
7.8958,66.0,23.6874,0.0,0.0,484.0,173.7076,0.0,22.0,62.34365764,0.0,7.8958,6
7.225,89.09735294117647,21.674999999999997,0.0,0.0,882.0375890138406,214.57612499999996,0.0,29.69911764705882,52.200624999999995,0.0,7.225,6
57.9792,44.0,57.9792,1.0,1.0,1936.0,2551.0848,44.0,0.0,3361.58763264,57.9792,0.0,3
7.2292,89.09735294117647,21.6876,0.0,0.0,882.0375890138406,214.7008612941176,0.0,29.69911764705882,52.26133263999999,0.0,7.2292,6
7.75,121.5,23.25,0.0,0.0,1640.25,313.875,0.0,40.5,60.0625,0.0,7.75,6
10.5,100.0,21.0,0.0,2.0,2500.0,525.0,50.0,0.0,110.25,10.5,0.0,4
221.7792,29.69911764705882,221.7792,0.0,0.0,882.0375890138406,6586.646552470587,0.0,29.69911764705882,49186.013552640004,0.0,221.7792,6
7.925,117.0,23.775,0.0,0.0,1521.0,309.075,0.0,39.0,62.805625,0.0,7.925,6
11.5,46.0,23.0,6.0,0.0,529.0,264.5,0.0,23.0,132.25,0.0,11.5,6
26.0,4.0,52.0,4.0,2.0,4.0,52.0,2.0,0.0,676.0,26.0,0.0,4
7.2292,89.09735294117647,21.6876,0.0,0.0,882.0375890138406,214.7008612941176,0.0,29.69911764705882,52.26133263999999,0.0,7.2292,6
7.2292,51.0,21.6876,6.0,0.0,289.0,122.8964,0.0,17.0,52.26133263999999,0.0,7.2292,6
22.3583,89.09735294117647,67.0749,6.0,3.0,882.0375890138406,664.0217820882352,29.69911764705882,0.0,499.89357889,22.3583,0.0,3
8.6625,90.0,25.987499999999997,0.0,3.0,900.0,259.875,30.0,0.0,75.03890625,8.6625,0.0,4
26.25,14.0,52.5,4.0,2.0,49.0,183.75,7.0,0.0,689.0625,26.25,0.0,4
26.55,45.0,26.55,0.0,0.0,2025.0,1194.75,0.0,45.0,704.9025,0.0,26.55,2
106.425,30.0,106.425,0.0,1.0,900.0,3192.75,30.0,0.0,11326.280625,106.425,0.0,4
14.5,89.09735294117647,43.5,0.0,0.0,882.0375890138406,430.6372058823529,0.0,29.69911764705882,210.25,0.0,14.5,6
49.5,22.0,49.5,2.0,1.0,484.0,1089.0,22.0,0.0,2450.25,49.5,0.0,4
71.0,36.0,71.0,2.0,1.0,1296.0,2556.0,36.0,0.0,5041.0,71.0,0.0,4
31.275,27.0,93.82499999999999,18.0,3.0,81.0,281.47499999999997,9.0,0.0,978.1256249999999,31.275,0.0,4
31.275,33.0,93.82499999999999,18.0,3.0,121.0,344.025,11.0,0.0,978.1256249999999,31.275,0.0,4
26.0,64.0,52.0,2.0,0.0,1024.0,832.0,0.0,32.0,676.0,0.0,26.0,6
106.425,50.0,106.425,1.0,0.0,2500.0,5321.25,0.0,50.0,11326.280625,0.0,106.425,6
26.0,64.0,26.0,0.0,0.0,4096.0,1664.0,0.0,64.0,676.0,0.0,26.0,6
26.0,38.0,52.0,2.0,2.0,361.0,494.0,19.0,0.0,676.0,26.0,0.0,3
13.8625,59.39823529411764,27.725,0.0,0.0,882.0375890138406,411.7040183823529,0.0,29.69911764705882,192.16890625000002,0.0,13.8625,6
20.525,99.0,61.574999999999996,6.0,0.0,1089.0,677.3249999999999,0.0,33.0,421.27562499999993,0.0,20.525,6
36.75,16.0,73.5,4.0,0.0,64.0,294.0,0.0,8.0,1350.5625,0.0,36.75,5
110.8833,17.0,110.8833,2.0,0.0,289.0,1885.0161,0.0,17.0,12295.106218890001,0.0,110.8833,6
26.0,54.0,52.0,0.0,0.0,729.0,702.0,0.0,27.0,676.0,0.0,26.0,6
7.8292,89.09735294117647,23.4876,0.0,0.0,882.0375890138406,232.5203318823529,0.0,29.69911764705882,61.29637264,0.0,7.8292,6
7.225,66.0,21.674999999999997,0.0,0.0,484.0,158.95,0.0,22.0,52.200624999999995,0.0,7.225,6
7.775,66.0,23.325000000000003,0.0,3.0,484.0,171.05,22.0,0.0,60.450625,7.775,0.0,4
26.55,62.0,26.55,0.0,0.0,3844.0,1646.1000000000001,0.0,62.0,704.9025,0.0,26.55,6
39.6,48.0,39.6,1.0,1.0,2304.0,1900.8000000000002,48.0,0.0,1568.16,39.6,0.0,0
227.525,29.69911764705882,227.525,0.0,0.0,882.0375890138406,6757.2917426470585,0.0,29.69911764705882,51767.625625,0.0,227.525,6
79.65,39.0,79.65,2.0,1.0,1521.0,3106.3500000000004,39.0,0.0,6344.122500000001,79.65,0.0,3
17.4,108.0,52.199999999999996,3.0,3.0,1296.0,626.4,36.0,0.0,302.75999999999993,17.4,0.0,3
7.75,89.09735294117647,23.25,0.0,0.0,882.0375890138406,230.16816176470584,0.0,29.69911764705882,60.0625,0.0,7.75,6
7.8958,120.0,23.6874,0.0,0.0,1600.0,315.832,0.0,40.0,62.34365764,0.0,7.8958,6
13.5,56.0,27.0,0.0,0.0,784.0,378.0,0.0,28.0,182.25,0.0,13.5,6
8.05,89.09735294117647,24.150000000000002,0.0,0.0,882.0375890138406,239.0778970588235,0.0,29.69911764705882,64.80250000000001,0.0,8.05,6
8.05,89.09735294117647,24.150000000000002,0.0,3.0,882.0375890138406,239.0778970588235,29.69911764705882,0.0,64.80250000000001,8.05,0.0,4
24.15,72.0,72.44999999999999,6.0,0.0,576.0,579.5999999999999,0.0,24.0,583.2225,0.0,24.15,6
7.8958,57.0,23.6874,0.0,0.0,361.0,150.02020000000002,0.0,19.0,62.34365764,0.0,7.8958,6
21.075,87.0,63.224999999999994,12.0,3.0,841.0,611.175,29.0,0.0,444.155625,21.075,0.0,3
7.2292,89.09735294117647,21.6876,0.0,0.0,882.0375890138406,214.7008612941176,0.0,29.69911764705882,52.26133263999999,0.0,7.2292,6
7.8542,96.0,23.5626,0.0,0.0,1024.0,251.3344,0.0,32.0,61.688457639999996,0.0,7.8542,6
10.5,124.0,21.0,0.0,0.0,3844.0,651.0,0.0,62.0,110.25,0.0,10.5,6
51.4792,53.0,51.4792,2.0,1.0,2809.0,2728.3976,53.0,0.0,2650.1080326399997,51.4792,0.0,3
26.3875,36.0,26.3875,0.0,0.0,1296.0,949.9499999999999,0.0,36.0,696.30015625,0.0,26.3875,6
7.75,89.09735294117647,23.25,0.0,3.0,882.0375890138406,230.16816176470584,29.69911764705882,0.0,60.0625,7.75,0.0,4
8.05,48.0,24.150000000000002,0.0,0.0,256.0,128.8,0.0,16.0,64.80250000000001,0.0,8.05,6
14.5,57.0,43.5,0.0,0.0,361.0,275.5,0.0,19.0,210.25,0.0,14.5,6
13.0,68.0,26.0,0.0,2.0,1156.0,442.0,34.0,0.0,169.0,13.0,0.0,4
55.9,39.0,55.9,1.0,1.0,1521.0,2180.1,39.0,0.0,3124.81,55.9,0.0,3
14.4583,89.09735294117647,43.3749,3.0,3.0,882.0375890138406,429.3987526764705,29.69911764705882,0.0,209.04243888999997,14.4583,0.0,3
7.925,96.0,23.775,0.0,0.0,1024.0,253.6,0.0,32.0,62.805625,0.0,7.925,6
30.0,50.0,60.0,4.0,2.0,625.0,750.0,25.0,0.0,900.0,30.0,0.0,4
110.8833,39.0,110.8833,2.0,1.0,1521.0,4324.4487,39.0,0.0,12295.106218890001,110.8833,0.0,3
26.0,108.0,52.0,0.0,0.0,2916.0,1404.0,0.0,54.0,676.0,0.0,26.0,6
40.125,36.0,40.125,0.0,0.0,1296.0,1444.5,0.0,36.0,1610.015625,0.0,40.125,6
8.7125,89.09735294117647,26.137500000000003,0.0,0.0,882.0375890138406,258.7535625,0.0,29.69911764705882,75.90765625,0.0,8.7125,6
79.65,18.0,79.65,2.0,1.0,324.0,1433.7,18.0,0.0,6344.122500000001,79.65,0.0,4
15.0,94.0,30.0,0.0,0.0,2209.0,705.0,0.0,47.0,225.0,0.0,15.0,6
79.2,60.0,79.2,2.0,0.0,3600.0,4752.0,0.0,60.0,6272.64,0.0,79.2,6
8.05,66.0,24.150000000000002,0.0,0.0,484.0,177.10000000000002,0.0,22.0,64.80250000000001,0.0,8.05,6
8.05,89.09735294117647,24.150000000000002,0.0,0.0,882.0375890138406,239.0778970588235,0.0,29.69911764705882,64.80250000000001,0.0,8.05,6
7.125,105.0,21.375,0.0,0.0,1225.0,249.375,0.0,35.0,50.765625,0.0,7.125,6
78.2667,52.0,78.2667,1.0,1.0,2704.0,4069.8684,52.0,0.0,6125.67632889,78.2667,0.0,3
7.25,141.0,21.75,0.0,0.0,2209.0,340.75,0.0,47.0,52.5625,0.0,7.25,6
7.75,89.09735294117647,23.25,6.0,3.0,882.0375890138406,230.16816176470584,29.69911764705882,0.0,60.0625,7.75,0.0,4
26.0,74.0,52.0,2.0,0.0,1369.0,962.0,0.0,37.0,676.0,0.0,26.0,6
24.15,108.0,72.44999999999999,6.0,0.0,1296.0,869.4,0.0,36.0,583.2225,0.0,24.15,6
33.0,59.39823529411764,66.0,0.0,2.0,882.0375890138406,980.0708823529411,29.69911764705882,0.0,1089.0,33.0,0.0,4
0.0,147.0,0.0,0.0,0.0,2401.0,0.0,0.0,49.0,0.0,0.0,0.0,6
7.225,89.09735294117647,21.674999999999997,0.0,0.0,882.0375890138406,214.57612499999996,0.0,29.69911764705882,52.200624999999995,0.0,7.225,6
56.9292,49.0,56.9292,1.0,0.0,2401.0,2789.5308,0.0,49.0,3240.9338126400003,0.0,56.9292,0
27.0,48.0,54.0,6.0,2.0,576.0,648.0,24.0,0.0,729.0,27.0,0.0,3
7.8958,89.09735294117647,23.6874,0.0,0.0,882.0375890138406,234.49829311764705,0.0,29.69911764705882,62.34365764,0.0,7.8958,6
42.4,29.69911764705882,42.4,0.0,0.0,882.0375890138406,1259.2425882352939,0.0,29.69911764705882,1797.76,0.0,42.4,6
8.05,132.0,24.150000000000002,0.0,0.0,1936.0,354.20000000000005,0.0,44.0,64.80250000000001,0.0,8.05,6
26.55,35.0,26.55,0.0,0.0,1225.0,929.25,0.0,35.0,704.9025,0.0,26.55,6
15.55,108.0,46.650000000000006,3.0,0.0,1296.0,559.8000000000001,0.0,36.0,241.8025,0.0,15.55,6
7.8958,90.0,23.6874,0.0,0.0,900.0,236.87400000000002,0.0,30.0,62.34365764,0.0,7.8958,6
30.5,27.0,30.5,0.0,0.0,729.0,823.5,0.0,27.0,930.25,0.0,30.5,6
41.5792,44.0,83.1584,6.0,2.0,484.0,914.7424,22.0,0.0,1728.82987264,41.5792,0.0,3
153.4625,40.0,153.4625,0.0,1.0,1600.0,6138.5,40.0,0.0,23550.73890625,153.4625,0.0,4
31.275,117.0,93.82499999999999,18.0,3.0,1521.0,1219.725,39.0,0.0,978.1256249999999,31.275,0.0,3
7.05,89.09735294117647,21.15,0.0,0.0,882.0375890138406,209.37877941176467,0.0,29.69911764705882,49.7025,0.0,7.05,6
15.5,89.09735294117647,46.5,3.0,3.0,882.0375890138406,460.3363235294117,29.69911764705882,0.0,240.25,15.5,0.0,4
7.75,89.09735294117647,23.25,0.0,0.0,882.0375890138406,230.16816176470584,0.0,29.69911764705882,60.0625,0.0,7.75,6
8.05,105.0,24.150000000000002,0.0,0.0,1225.0,281.75,0.0,35.0,64.80250000000001,0.0,8.05,6
65.0,48.0,130.0,6.0,2.0,576.0,1560.0,24.0,0.0,4225.0,65.0,0.0,4
14.4,102.0,43.2,6.0,0.0,1156.0,489.6,0.0,34.0,207.36,0.0,14.4,6
16.1,78.0,48.300000000000004,3.0,3.0,676.0,418.6,26.0,0.0,259.21000000000004,16.1,0.0,3
39.0,8.0,78.0,6.0,2.0,16.0,156.0,4.0,0.0,1521.0,39.0,0.0,4
10.5,52.0,21.0,0.0,0.0,676.0,273.0,0.0,26.0,110.25,0.0,10.5,6
14.4542,81.0,43.3626,3.0,0.0,729.0,390.2634,0.0,27.0,208.92389764,0.0,14.4542,6
52.5542,42.0,52.5542,1.0,0.0,1764.0,2207.2764,0.0,42.0,2761.94393764,0.0,52.5542,6
15.7417,60.0,47.2251,6.0,0.0,400.0,314.834,0.0,20.0,247.80111889,0.0,15.7417,6
7.8542,63.0,23.5626,0.0,0.0,441.0,164.9382,0.0,21.0,61.688457639999996,0.0,7.8542,6
16.1,63.0,48.300000000000004,0.0,0.0,441.0,338.1,0.0,21.0,259.21000000000004,0.0,16.1,6
32.3208,61.0,32.3208,0.0,0.0,3721.0,1971.5688,0.0,61.0,1044.6341126399998,0.0,32.3208,6
12.35,114.0,24.7,0.0,0.0,3249.0,703.9499999999999,0.0,57.0,152.52249999999998,0.0,12.35,1
77.9583,21.0,77.9583,0.0,1.0,441.0,1637.1243,21.0,0.0,6077.496538889999,77.9583,0.0,4
7.8958,78.0,23.6874,0.0,0.0,676.0,205.29080000000002,0.0,26.0,62.34365764,0.0,7.8958,6
7.7333,89.09735294117647,23.1999,0.0,0.0,882.0375890138406,229.67218649999998,0.0,29.69911764705882,59.803928889999995,0.0,7.7333,6
30.0,80.0,30.0,0.0,0.0,6400.0,2400.0,0.0,80.0,900.0,0.0,30.0,6
7.0542,153.0,21.162599999999998,0.0,0.0,2601.0,359.7642,0.0,51.0,49.76173764,0.0,7.0542,6
30.5,32.0,30.5,0.0,0.0,1024.0,976.0,0.0,32.0,930.25,0.0,30.5,7
0.0,29.69911764705882,0.0,0.0,0.0,882.0375890138406,0.0,0.0,29.69911764705882,0.0,0.0,0.0,6
27.9,27.0,83.69999999999999,15.0,3.0,81.0,251.1,9.0,0.0,778.41,27.9,0.0,4
13.0,56.0,26.0,0.0,2.0,784.0,364.0,28.0,0.0,169.0,13.0,0.0,4
7.925,96.0,23.775,0.0,0.0,1024.0,253.6,0.0,32.0,62.805625,0.0,7.925,6
26.25,62.0,52.5,4.0,0.0,961.0,813.75,0.0,31.0,689.0625,0.0,26.25,6
39.6875,123.0,119.0625,15.0,3.0,1681.0,1627.1875,41.0,0.0,1575.09765625,39.6875,0.0,3
16.1,89.09735294117647,48.300000000000004,3.0,0.0,882.0375890138406,478.155794117647,0.0,29.69911764705882,259.21000000000004,0.0,16.1,6
7.8542,60.0,23.5626,0.0,0.0,400.0,157.084,0.0,20.0,61.688457639999996,0.0,7.8542,6
69.3,24.0,69.3,0.0,1.0,576.0,1663.1999999999998,24.0,0.0,4802.49,69.3,0.0,0
27.9,6.0,83.69999999999999,15.0,3.0,4.0,55.8,2.0,0.0,778.41,27.9,0.0,4
56.4958,89.09735294117647,169.4874,0.0,0.0,882.0375890138406,1677.8754107647057,0.0,29.69911764705882,3191.7754176400003,0.0,56.4958,6
19.2583,2.25,57.774899999999995,9.0,3.0,0.5625,14.443724999999999,0.75,0.0,370.88211888999996,19.2583,0.0,4
76.7292,48.0,76.7292,1.0,0.0,2304.0,3683.0016000000005,0.0,48.0,5887.3701326400005,0.0,76.7292,6
7.8958,57.0,23.6874,0.0,0.0,361.0,150.02020000000002,0.0,19.0,62.34365764,0.0,7.8958,6
35.5,56.0,35.5,0.0,0.0,3136.0,1988.0,0.0,56.0,1260.25,0.0,35.5,2
7.55,89.09735294117647,22.65,0.0,0.0,882.0375890138406,224.22833823529407,0.0,29.69911764705882,57.0025,0.0,7.55,6
7.55,69.0,22.65,0.0,3.0,529.0,173.65,23.0,0.0,57.0025,7.55,0.0,4
7.8958,89.09735294117647,23.6874,0.0,0.0,882.0375890138406,234.49829311764705,0.0,29.69911764705882,62.34365764,0.0,7.8958,6
23.0,36.0,46.0,2.0,2.0,324.0,414.0,18.0,0.0,529.0,23.0,0.0,4
8.4333,63.0,25.299899999999997,0.0,0.0,441.0,177.09929999999997,0.0,21.0,71.12054888999998,0.0,8.4333,6
7.8292,89.09735294117647,23.4876,0.0,3.0,882.0375890138406,232.5203318823529,29.69911764705882,0.0,61.29637264,7.8292,0.0,4
6.75,54.0,20.25,0.0,3.0,324.0,121.5,18.0,0.0,45.5625,6.75,0.0,4
73.5,48.0,147.0,4.0,0.0,576.0,1764.0,0.0,24.0,5402.25,0.0,73.5,6
7.8958,89.09735294117647,23.6874,0.0,0.0,882.0375890138406,234.49829311764705,0.0,29.69911764705882,62.34365764,0.0,7.8958,6
15.5,96.0,46.5,6.0,3.0,1024.0,496.0,32.0,0.0,240.25,15.5,0.0,3
13.0,46.0,26.0,0.0,0.0,529.0,299.0,0.0,23.0,169.0,0.0,13.0,6
113.275,58.0,113.275,2.0,0.0,3364.0,6569.950000000001,0.0,58.0,12831.225625000001,0.0,113.275,6
133.65,50.0,133.65,2.0,0.0,2500.0,6682.5,0.0,50.0,17862.322500000002,0.0,133.65,7
7.225,120.0,21.674999999999997,0.0,0.0,1600.0,289.0,0.0,40.0,52.200624999999995,0.0,7.225,6
25.5875,47.0,25.5875,0.0,0.0,2209.0,1202.6125,0.0,47.0,654.72015625,0.0,25.5875,6
7.4958,108.0,22.4874,0.0,0.0,1296.0,269.8488,0.0,36.0,56.18701764,0.0,7.4958,6
7.925,60.0,23.775,3.0,0.0,400.0,158.5,0.0,20.0,62.805625,0.0,7.925,6
73.5,64.0,147.0,4.0,0.0,1024.0,2352.0,0.0,32.0,5402.25,0.0,73.5,6
13.0,50.0,26.0,0.0,0.0,625.0,325.0,0.0,25.0,169.0,0.0,13.0,6
7.775,89.09735294117647,23.325000000000003,0.0,0.0,882.0375890138406,230.91063970588235,0.0,29.69911764705882,60.450625,0.0,7.775,6
8.05,129.0,24.150000000000002,0.0,0.0,1849.0,346.15000000000003,0.0,43.0,64.80250000000001,0.0,8.05,6
52.0,29.69911764705882,52.0,1.0,1.0,882.0375890138406,1544.3541176470587,29.69911764705882,0.0,2704.0,52.0,0.0,3
39.0,80.0,78.0,4.0,2.0,1600.0,1560.0,40.0,0.0,1521.0,39.0,0.0,3
52.0,31.0,52.0,1.0,0.0,961.0,1612.0,0.0,31.0,2704.0,0.0,52.0,6
10.5,140.0,21.0,0.0,0.0,4900.0,735.0,0.0,70.0,110.25,0.0,10.5,6
13.0,62.0,26.0,0.0,0.0,961.0,403.0,0.0,31.0,169.0,0.0,13.0,6
0.0,59.39823529411764,0.0,0.0,0.0,882.0375890138406,0.0,0.0,29.69911764705882,0.0,0.0,0.0,6
7.775,54.0,23.325000000000003,0.0,0.0,324.0,139.95000000000002,0.0,18.0,60.450625,0.0,7.775,6
8.05,73.5,24.150000000000002,0.0,0.0,600.25,197.22500000000002,0.0,24.5,64.80250000000001,0.0,8.05,6
9.8417,54.0,29.5251,0.0,3.0,324.0,177.1506,18.0,0.0,96.85905888999999,9.8417,0.0,4
46.9,129.0,140.7,21.0,3.0,1849.0,2016.7,43.0,0.0,2199.6099999999997,46.9,0.0,3
512.3292,36.0,512.3292,1.0,0.0,1296.0,18443.8512,0.0,36.0,262481.20917264,0.0,512.3292,6
8.1375,89.09735294117647,24.412499999999998,0.0,3.0,882.0375890138406,241.67656985294113,29.69911764705882,0.0,66.21890624999999,8.1375,0.0,4
76.7292,27.0,76.7292,0.0,0.0,729.0,2071.6884,0.0,27.0,5887.3701326400005,0.0,76.7292,6
9.225,60.0,27.674999999999997,0.0,0.0,400.0,184.5,0.0,20.0,85.100625,0.0,9.225,6
46.9,42.0,140.7,21.0,0.0,196.0,656.6,0.0,14.0,2199.6099999999997,0.0,46.9,6
39.0,120.0,78.0,4.0,0.0,3600.0,2340.0,0.0,60.0,1521.0,0.0,39.0,6
41.5792,50.0,83.1584,6.0,0.0,625.0,1039.48,0.0,25.0,1728.82987264,0.0,41.5792,6
39.6875,42.0,119.0625,15.0,0.0,196.0,555.625,0.0,14.0,1575.09765625,0.0,39.6875,6
10.1708,57.0,30.5124,0.0,0.0,361.0,193.2452,0.0,19.0,103.44517264,0.0,10.1708,6
7.7958,54.0,23.3874,0.0,0.0,324.0,140.3244,0.0,18.0,60.77449764,0.0,7.7958,6
211.3375,15.0,211.3375,1.0,1.0,225.0,3170.0625,15.0,0.0,44663.53890625,211.3375,0.0,4
57.0,31.0,57.0,1.0,0.0,961.0,1767.0,0.0,31.0,3249.0,0.0,57.0,6
13.4167,12.0,40.2501,3.0,3.0,16.0,53.6668,4.0,0.0,180.00783889000002,13.4167,0.0,4
56.4958,89.09735294117647,169.4874,0.0,0.0,882.0375890138406,1677.8754107647057,0.0,29.69911764705882,3191.7754176400003,0.0,56.4958,6
7.225,75.0,21.674999999999997,0.0,0.0,625.0,180.625,0.0,25.0,52.200624999999995,0.0,7.225,6
26.55,60.0,26.55,0.0,0.0,3600.0,1593.0,0.0,60.0,704.9025,0.0,26.55,2
13.5,104.0,27.0,0.0,0.0,2704.0,702.0,0.0,52.0,182.25,0.0,13.5,6
8.05,132.0,24.150000000000002,0.0,0.0,1936.0,354.20000000000005,0.0,44.0,64.80250000000001,0.0,8.05,6
7.7333,89.09735294117647,23.1999,0.0,3.0,882.0375890138406,229.67218649999998,29.69911764705882,0.0,59.803928889999995,7.7333,0.0,4
110.8833,49.0,110.8833,2.0,0.0,2401.0,5433.2817000000005,0.0,49.0,12295.106218890001,0.0,110.8833,6
7.65,126.0,22.950000000000003,0.0,0.0,1764.0,321.3,0.0,42.0,58.52250000000001,0.0,7.65,6
227.525,18.0,227.525,1.0,1.0,324.0,4095.4500000000003,18.0,0.0,51767.625625,227.525,0.0,3
26.2875,35.0,26.2875,0.0,0.0,1225.0,920.0625,0.0,35.0,691.0326562500001,0.0,26.2875,6
14.4542,54.0,43.3626,3.0,3.0,324.0,260.17560000000003,18.0,0.0,208.92389764,14.4542,0.0,4
7.7417,75.0,23.225099999999998,0.0,0.0,625.0,193.5425,0.0,25.0,59.933918889999994,0.0,7.7417,6
7.8542,78.0,23.5626,3.0,0.0,676.0,204.20919999999998,0.0,26.0,61.688457639999996,0.0,7.8542,6
26.0,78.0,52.0,0.0,0.0,1521.0,1014.0,0.0,39.0,676.0,0.0,26.0,6
13.5,90.0,27.0,0.0,2.0,2025.0,607.5,45.0,0.0,182.25,13.5,0.0,3
26.2875,42.0,26.2875,0.0,0.0,1764.0,1104.075,0.0,42.0,691.0326562500001,0.0,26.2875,6
151.55,22.0,151.55,0.0,1.0,484.0,3334.1000000000004,22.0,0.0,22967.402500000004,151.55,0.0,4
15.2458,89.09735294117647,45.737399999999994,6.0,0.0,882.0375890138406,452.78680782352933,0.0,29.69911764705882,232.43441763999996,0.0,15.2458,5
49.5042,24.0,49.5042,0.0,1.0,576.0,1188.1008,24.0,0.0,2450.6658176399997,49.5042,0.0,0
26.55,29.69911764705882,26.55,0.0,0.0,882.0375890138406,788.5115735294117,0.0,29.69911764705882,704.9025,0.0,26.55,6
52.0,48.0,52.0,1.0,0.0,2304.0,2496.0,0.0,48.0,2704.0,0.0,52.0,6
9.4833,87.0,28.4499,0.0,0.0,841.0,275.0157,0.0,29.0,89.93297889,0.0,9.4833,6
13.0,104.0,26.0,0.0,0.0,2704.0,676.0,0.0,52.0,169.0,0.0,13.0,6
7.65,57.0,22.950000000000003,0.0,0.0,361.0,145.35,0.0,19.0,58.52250000000001,0.0,7.65,6
227.525,38.0,227.525,0.0,1.0,1444.0,8645.95,38.0,0.0,51767.625625,227.525,0.0,4
10.5,54.0,21.0,0.0,2.0,729.0,283.5,27.0,0.0,110.25,10.5,0.0,4
15.5,89.09735294117647,46.5,0.0,0.0,882.0375890138406,460.3363235294117,0.0,29.69911764705882,240.25,0.0,15.5,6
7.775,99.0,23.325000000000003,0.0,0.0,1089.0,256.575,0.0,33.0,60.450625,0.0,7.775,6
33.0,12.0,66.0,2.0,2.0,36.0,198.0,6.0,0.0,1089.0,33.0,0.0,4
7.0542,51.0,21.162599999999998,3.0,0.0,289.0,119.92139999999999,0.0,17.0,49.76173764,0.0,7.0542,6
13.0,68.0,26.0,0.0,0.0,1156.0,442.0,0.0,34.0,169.0,0.0,13.0,6
13.0,100.0,26.0,0.0,0.0,2500.0,650.0,0.0,50.0,169.0,0.0,13.0,6
53.1,27.0,53.1,1.0,0.0,729.0,1433.7,0.0,27.0,2819.61,0.0,53.1,6
8.6625,60.0,25.987499999999997,0.0,0.0,400.0,173.25,0.0,20.0,75.03890625,0.0,8.6625,6
21.0,60.0,42.0,6.0,2.0,900.0,630.0,30.0,0.0,441.0,21.0,0.0,3
7.7375,89.09735294117647,23.2125,0.0,3.0,882.0375890138406,229.79692279411762,29.69911764705882,0.0,59.868906249999995,7.7375,0.0,4
26.0,50.0,52.0,2.0,0.0,625.0,650.0,0.0,25.0,676.0,0.0,26.0,6
7.925,75.0,23.775,3.0,3.0,625.0,198.125,25.0,0.0,62.805625,7.925,0.0,4
211.3375,29.0,211.3375,0.0,1.0,841.0,6128.7875,29.0,0.0,44663.53890625,211.3375,0.0,4
18.7875,33.0,56.362500000000004,0.0,0.0,121.0,206.66250000000002,0.0,11.0,352.97015625000006,0.0,18.7875,6
0.0,59.39823529411764,0.0,0.0,0.0,882.0375890138406,0.0,0.0,29.69911764705882,0.0,0.0,0.0,6
13.0,46.0,26.0,0.0,0.0,529.0,299.0,0.0,23.0,169.0,0.0,13.0,6
13.0,46.0,26.0,0.0,0.0,529.0,299.0,0.0,23.0,169.0,0.0,13.0,6
16.1,85.5,48.300000000000004,0.0,0.0,812.25,458.85,0.0,28.5,259.21000000000004,0.0,16.1,6
34.375,144.0,103.125,12.0,3.0,2304.0,1650.0,48.0,0.0,1181.640625,34.375,0.0,3
512.3292,35.0,512.3292,0.0,0.0,1225.0,17931.522,0.0,35.0,262481.20917264,0.0,512.3292,6
7.8958,89.09735294117647,23.6874,0.0,0.0,882.0375890138406,234.49829311764705,0.0,29.69911764705882,62.34365764,0.0,7.8958,6
7.8958,89.09735294117647,23.6874,0.0,0.0,882.0375890138406,234.49829311764705,0.0,29.69911764705882,62.34365764,0.0,7.8958,6
30.0,29.69911764705882,30.0,0.0,0.0,882.0375890138406,890.9735294117646,0.0,29.69911764705882,900.0,0.0,30.0,6
78.85,36.0,78.85,1.0,0.0,1296.0,2838.6,0.0,36.0,6217.322499999999,0.0,78.85,6
262.375,21.0,262.375,4.0,1.0,441.0,5509.875,21.0,0.0,68840.640625,262.375,0.0,4
16.1,72.0,48.300000000000004,3.0,0.0,576.0,386.40000000000003,0.0,24.0,259.21000000000004,0.0,16.1,6
7.925,93.0,23.775,0.0,0.0,961.0,245.67499999999998,0.0,31.0,62.805625,0.0,7.925,6
71.0,70.0,71.0,2.0,0.0,4900.0,4970.0,0.0,70.0,5041.0,0.0,71.0,1
20.25,48.0,60.75,6.0,0.0,256.0,324.0,0.0,16.0,410.0625,0.0,20.25,6
13.0,60.0,26.0,0.0,2.0,900.0,390.0,30.0,0.0,169.0,13.0,0.0,4
53.1,19.0,53.1,1.0,0.0,361.0,1008.9,0.0,19.0,2819.61,0.0,53.1,6
7.75,93.0,23.25,0.0,0.0,961.0,240.25,0.0,31.0,60.0625,0.0,7.75,6
23.0,8.0,46.0,4.0,2.0,16.0,92.0,4.0,0.0,529.0,23.0,0.0,4
12.475,18.0,37.425,3.0,0.0,36.0,74.85,0.0,6.0,155.62562499999999,0.0,12.475,5
9.5,99.0,28.5,0.0,0.0,1089.0,313.5,0.0,33.0,90.25,0.0,9.5,6
7.8958,69.0,23.6874,0.0,0.0,529.0,181.60340000000002,0.0,23.0,62.34365764,0.0,7.8958,6
65.0,96.0,130.0,6.0,2.0,2304.0,3120.0,48.0,0.0,4225.0,65.0,0.0,3
14.5,1.34,29.0,4.0,0.0,0.4489000000000001,9.715,0.0,0.67,210.25,0.0,14.5,5
7.7958,84.0,23.3874,0.0,0.0,784.0,218.2824,0.0,28.0,60.77449764,0.0,7.7958,6
11.5,36.0,23.0,0.0,0.0,324.0,207.0,0.0,18.0,132.25,0.0,11.5,6
8.05,102.0,24.150000000000002,0.0,0.0,1156.0,273.70000000000005,0.0,34.0,64.80250000000001,0.0,8.05,6
86.5,33.0,86.5,0.0,1.0,1089.0,2854.5,33.0,0.0,7482.25,86.5,0.0,0
14.5,89.09735294117647,43.5,0.0,0.0,882.0375890138406,430.6372058823529,0.0,29.69911764705882,210.25,0.0,14.5,6
7.125,123.0,21.375,0.0,0.0,1681.0,292.125,0.0,41.0,50.765625,0.0,7.125,6
7.2292,60.0,21.6876,0.0,0.0,400.0,144.584,0.0,20.0,52.26133263999999,0.0,7.2292,6
120.0,36.0,120.0,3.0,1.0,1296.0,4320.0,36.0,0.0,14400.0,120.0,0.0,3
7.775,48.0,23.325000000000003,0.0,0.0,256.0,124.4,0.0,16.0,60.450625,0.0,7.775,6
77.9583,51.0,77.9583,1.0,1.0,2601.0,3975.8732999999997,51.0,0.0,6077.496538889999,77.9583,0.0,3
39.6,29.69911764705882,39.6,0.0,0.0,882.0375890138406,1176.0850588235294,0.0,29.69911764705882,1568.16,0.0,39.6,7
7.75,91.5,23.25,0.0,3.0,930.25,236.375,30.5,0.0,60.0625,7.75,0.0,4
24.15,89.09735294117647,72.44999999999999,3.0,0.0,882.0375890138406,717.2336911764704,0.0,29.69911764705882,583.2225,0.0,24.15,6
8.3625,96.0,25.087500000000002,0.0,0.0,1024.0,267.6,0.0,32.0,69.93140625000001,0.0,8.3625,6
9.5,72.0,28.5,0.0,0.0,576.0,228.0,0.0,24.0,90.25,0.0,9.5,6
7.8542,144.0,23.5626,0.0,0.0,2304.0,377.0016,0.0,48.0,61.688457639999996,0.0,7.8542,6
10.5,114.0,21.0,0.0,2.0,3249.0,598.5,57.0,0.0,110.25,10.5,0.0,3
7.225,89.09735294117647,21.674999999999997,0.0,0.0,882.0375890138406,214.57612499999996,0.0,29.69911764705882,52.200624999999995,0.0,7.225,6
23.0,108.0,46.0,8.0,2.0,2916.0,1242.0,54.0,0.0,529.0,23.0,0.0,3
7.75,54.0,23.25,0.0,0.0,324.0,139.5,0.0,18.0,60.0625,0.0,7.75,6
7.75,89.09735294117647,23.25,0.0,0.0,882.0375890138406,230.16816176470584,0.0,29.69911764705882,60.0625,0.0,7.75,6
12.475,15.0,37.425,0.0,3.0,25.0,62.375,5.0,0.0,155.62562499999999,12.475,0.0,4
7.7375,89.09735294117647,23.2125,0.0,0.0,882.0375890138406,229.79692279411762,0.0,29.69911764705882,59.868906249999995,0.0,7.7375,6
211.3375,43.0,211.3375,1.0,1.0,1849.0,9087.5125,43.0,0.0,44663.53890625,211.3375,0.0,3
7.2292,39.0,21.6876,0.0,3.0,169.0,93.97959999999999,13.0,0.0,52.26133263999999,7.2292,0.0,4
57.0,17.0,57.0,1.0,1.0,289.0,969.0,17.0,0.0,3249.0,57.0,0.0,3
30.0,29.0,30.0,0.0,0.0,841.0,870.0,0.0,29.0,900.0,0.0,30.0,6
23.45,89.09735294117647,70.35,9.0,0.0,882.0375890138406,696.4443088235294,0.0,29.69911764705882,549.9024999999999,0.0,23.45,6
7.05,75.0,21.15,0.0,0.0,625.0,176.25,0.0,25.0,49.7025,0.0,7.05,6
7.25,75.0,21.75,0.0,0.0,625.0,181.25,0.0,25.0,52.5625,0.0,7.25,6
7.4958,54.0,22.4874,0.0,3.0,324.0,134.9244,18.0,0.0,56.18701764,7.4958,0.0,4
29.125,24.0,87.375,15.0,0.0,64.0,233.0,0.0,8.0,848.265625,0.0,29.125,5
20.575,3.0,61.724999999999994,9.0,0.0,1.0,20.575,0.0,1.0,423.330625,0.0,20.575,5
79.2,46.0,79.2,0.0,0.0,2116.0,3643.2000000000003,0.0,46.0,6272.64,0.0,79.2,6
7.75,89.09735294117647,23.25,0.0,0.0,882.0375890138406,230.16816176470584,0.0,29.69911764705882,60.0625,0.0,7.75,6
26.0,32.0,52.0,0.0,0.0,256.0,416.0,0.0,16.0,676.0,0.0,26.0,6
69.55,89.09735294117647,208.64999999999998,30.0,3.0,882.0375890138406,2065.573632352941,29.69911764705882,0.0,4837.202499999999,69.55,0.0,4
30.6958,29.69911764705882,30.6958,0.0,0.0,882.0375890138406,911.6381754705881,0.0,29.69911764705882,942.2321376399999,0.0,30.6958,6
7.8958,75.0,23.6874,0.0,0.0,625.0,197.395,0.0,25.0,62.34365764,0.0,7.8958,6
13.0,78.0,26.0,0.0,0.0,1521.0,507.0,0.0,39.0,169.0,0.0,13.0,6
25.9292,49.0,25.9292,0.0,1.0,2401.0,1270.5308,49.0,0.0,672.3234126400001,25.9292,0.0,7
8.6833,93.0,26.049899999999997,0.0,3.0,961.0,269.1823,31.0,0.0,75.39969888999998,8.6833,0.0,3
7.2292,90.0,21.6876,0.0,0.0,900.0,216.87599999999998,0.0,30.0,52.26133263999999,0.0,7.2292,6
24.15,90.0,72.44999999999999,6.0,3.0,900.0,724.5,30.0,0.0,583.2225,24.15,0.0,3
13.0,68.0,26.0,0.0,0.0,1156.0,442.0,0.0,34.0,169.0,0.0,13.0,6
26.25,62.0,52.5,4.0,2.0,961.0,813.75,31.0,0.0,689.0625,26.25,0.0,3
120.0,11.0,120.0,3.0,0.0,121.0,1320.0,0.0,11.0,14400.0,0.0,120.0,5
8.5167,1.26,25.5501,3.0,0.0,0.17639999999999997,3.577014,0.0,0.42,72.53417889,0.0,8.5167,5
6.975,81.0,20.924999999999997,0.0,0.0,729.0,188.325,0.0,27.0,48.650625,0.0,6.975,6
7.775,93.0,23.325000000000003,0.0,0.0,961.0,241.025,0.0,31.0,60.450625,0.0,7.775,6
0.0,39.0,0.0,0.0,0.0,1521.0,0.0,0.0,39.0,0.0,0.0,0.0,6
7.775,54.0,23.325000000000003,0.0,3.0,324.0,139.95000000000002,18.0,0.0,60.450625,7.775,0.0,4
13.0,78.0,26.0,0.0,0.0,1521.0,507.0,0.0,39.0,169.0,0.0,13.0,6
53.1,33.0,53.1,1.0,1.0,1089.0,1752.3,33.0,0.0,2819.61,53.1,0.0,3
7.8875,78.0,23.6625,0.0,0.0,676.0,205.07500000000002,0.0,26.0,62.21265625,0.0,7.8875,6
24.15,117.0,72.44999999999999,0.0,0.0,1521.0,941.8499999999999,0.0,39.0,583.2225,0.0,24.15,6
10.5,70.0,21.0,0.0,0.0,1225.0,367.5,0.0,35.0,110.25,0.0,10.5,6
31.275,18.0,93.82499999999999,18.0,3.0,36.0,187.64999999999998,6.0,0.0,978.1256249999999,31.275,0.0,4
8.05,91.5,24.150000000000002,0.0,0.0,930.25,245.52500000000003,0.0,30.5,64.80250000000001,0.0,8.05,6
0.0,29.69911764705882,0.0,0.0,0.0,882.0375890138406,0.0,0.0,29.69911764705882,0.0,0.0,0.0,6
7.925,69.0,23.775,0.0,3.0,529.0,182.275,23.0,0.0,62.805625,7.925,0.0,4
37.0042,62.0,74.0084,4.0,0.0,961.0,1147.1301999999998,0.0,31.0,1369.3108176399999,0.0,37.0042,6
6.45,129.0,19.35,0.0,0.0,1849.0,277.35,0.0,43.0,41.6025,0.0,6.45,6
27.9,30.0,83.69999999999999,15.0,0.0,100.0,279.0,0.0,10.0,778.41,0.0,27.9,5
93.5,52.0,93.5,2.0,1.0,2704.0,4862.0,52.0,0.0,8742.25,93.5,0.0,3
8.6625,81.0,25.987499999999997,0.0,0.0,729.0,233.8875,0.0,27.0,75.03890625,0.0,8.6625,6
0.0,38.0,0.0,0.0,0.0,1444.0,0.0,0.0,38.0,0.0,0.0,0.0,1
12.475,81.0,37.425,3.0,3.0,729.0,336.825,27.0,0.0,155.62562499999999,12.475,0.0,3
39.6875,6.0,119.0625,15.0,0.0,4.0,79.375,0.0,2.0,1575.09765625,0.0,39.6875,5
6.95,89.09735294117647,20.85,0.0,0.0,882.0375890138406,206.4088676470588,0.0,29.69911764705882,48.3025,0.0,6.95,6
56.4958,89.09735294117647,169.4874,0.0,0.0,882.0375890138406,1677.8754107647057,0.0,29.69911764705882,3191.7754176400003,0.0,56.4958,6
37.0042,2.0,74.0084,4.0,0.0,1.0,37.0042,0.0,1.0,1369.3108176399999,0.0,37.0042,5
7.75,89.09735294117647,23.25,0.0,0.0,882.0375890138406,230.16816176470584,0.0,29.69911764705882,60.0625,0.0,7.75,6
80.0,62.0,80.0,0.0,1.0,3844.0,4960.0,62.0,0.0,6400.0,80.0,0.0,3
14.4542,45.0,43.3626,3.0,3.0,225.0,216.813,15.0,0.0,208.92389764,14.4542,0.0,3
18.75,1.66,37.5,4.0,0.0,0.6889,15.5625,0.0,0.83,351.5625,0.0,18.75,5
7.2292,89.09735294117647,21.6876,0.0,0.0,882.0375890138406,214.7008612941176,0.0,29.69911764705882,52.26133263999999,0.0,7.2292,6
7.8542,69.0,23.5626,0.0,0.0,529.0,180.64659999999998,0.0,23.0,61.688457639999996,0.0,7.8542,6
8.3,54.0,24.900000000000002,0.0,0.0,324.0,149.4,0.0,18.0,68.89000000000001,0.0,8.3,6
83.1583,39.0,83.1583,2.0,1.0,1521.0,3243.1737,39.0,0.0,6915.30285889,83.1583,0.0,4
8.6625,63.0,25.987499999999997,0.0,0.0,441.0,181.9125,0.0,21.0,75.03890625,0.0,8.6625,6
8.05,89.09735294117647,24.150000000000002,0.0,0.0,882.0375890138406,239.0778970588235,0.0,29.69911764705882,64.80250000000001,0.0,8.05,6
56.4958,96.0,169.4874,0.0,0.0,1024.0,1807.8656,0.0,32.0,3191.7754176400003,0.0,56.4958,6
29.7,29.69911764705882,29.7,0.0,0.0,882.0375890138406,882.0637941176469,0.0,29.69911764705882,882.0899999999999,0.0,29.7,6
7.925,60.0,23.775,0.0,0.0,400.0,158.5,0.0,20.0,62.805625,0.0,7.925,6
10.5,32.0,21.0,0.0,0.0,256.0,168.0,0.0,16.0,110.25,0.0,10.5,6
31.0,30.0,31.0,0.0,1.0,900.0,930.0,30.0,0.0,961.0,31.0,0.0,4
6.4375,103.5,19.3125,0.0,0.0,1190.25,222.09375,0.0,34.5,41.44140625,0.0,6.4375,6
8.6625,51.0,25.987499999999997,0.0,0.0,289.0,147.2625,0.0,17.0,75.03890625,0.0,8.6625,6
7.55,126.0,22.65,0.0,0.0,1764.0,317.09999999999997,0.0,42.0,57.0025,0.0,7.55,6
69.55,89.09735294117647,208.64999999999998,30.0,0.0,882.0375890138406,2065.573632352941,0.0,29.69911764705882,4837.202499999999,0.0,69.55,6
7.8958,105.0,23.6874,0.0,0.0,1225.0,276.353,0.0,35.0,62.34365764,0.0,7.8958,6
33.0,56.0,66.0,2.0,0.0,784.0,924.0,0.0,28.0,1089.0,0.0,33.0,1
89.1042,29.69911764705882,89.1042,1.0,1.0,882.0375890138406,2646.316118647059,29.69911764705882,0.0,7939.558457640001,89.1042,0.0,3
31.275,12.0,93.82499999999999,18.0,0.0,16.0,125.1,0.0,4.0,978.1256249999999,0.0,31.275,5
7.775,222.0,23.325000000000003,0.0,0.0,5476.0,575.35,0.0,74.0,60.450625,0.0,7.775,6
15.2458,27.0,45.737399999999994,6.0,3.0,81.0,137.2122,9.0,0.0,232.43441763999996,15.2458,0.0,4
39.4,16.0,39.4,1.0,1.0,256.0,630.4,16.0,0.0,1552.36,39.4,0.0,4
26.0,88.0,52.0,2.0,2.0,1936.0,1144.0,44.0,0.0,676.0,26.0,0.0,3
9.35,54.0,28.049999999999997,3.0,3.0,324.0,168.29999999999998,18.0,0.0,87.4225,9.35,0.0,3
164.8667,45.0,164.8667,2.0,1.0,2025.0,7419.0015,45.0,0.0,27181.028768890003,164.8667,0.0,3
26.55,51.0,26.55,0.0,0.0,2601.0,1354.05,0.0,51.0,704.9025,0.0,26.55,6
19.2583,72.0,57.774899999999995,9.0,3.0,576.0,462.19919999999996,24.0,0.0,370.88211888999996,19.2583,0.0,3
7.2292,89.09735294117647,21.6876,0.0,0.0,882.0375890138406,214.7008612941176,0.0,29.69911764705882,52.26133263999999,0.0,7.2292,6
14.1083,123.0,42.3249,6.0,0.0,1681.0,578.4403,0.0,41.0,199.04412889,0.0,14.1083,6
11.5,42.0,23.0,2.0,0.0,441.0,241.5,0.0,21.0,132.25,0.0,11.5,6
25.9292,48.0,25.9292,0.0,1.0,2304.0,1244.6016,48.0,0.0,672.3234126400001,25.9292,0.0,3
69.55,89.09735294117647,208.64999999999998,30.0,3.0,882.0375890138406,2065.573632352941,29.69911764705882,0.0,4837.202499999999,69.55,0.0,4
13.0,48.0,26.0,0.0,0.0,576.0,312.0,0.0,24.0,169.0,0.0,13.0,6
13.0,84.0,26.0,0.0,2.0,1764.0,546.0,42.0,0.0,169.0,13.0,0.0,3
13.8583,54.0,27.7166,2.0,2.0,729.0,374.1741,27.0,0.0,192.05247889,13.8583,0.0,4
50.4958,31.0,50.4958,0.0,0.0,961.0,1565.3698000000002,0.0,31.0,2549.8258176400004,0.0,50.4958,6
9.5,89.09735294117647,28.5,0.0,0.0,882.0375890138406,282.1416176470588,0.0,29.69911764705882,90.25,0.0,9.5,6
11.1333,12.0,33.3999,6.0,0.0,16.0,44.5332,0.0,4.0,123.95036889000001,0.0,11.1333,5
7.8958,78.0,23.6874,0.0,0.0,676.0,205.29080000000002,0.0,26.0,62.34365764,0.0,7.8958,6
52.5542,47.0,52.5542,2.0,1.0,2209.0,2470.0474,47.0,0.0,2761.94393764,52.5542,0.0,3
5.0,33.0,5.0,0.0,0.0,1089.0,165.0,0.0,33.0,25.0,0.0,5.0,6
9.0,141.0,27.0,0.0,0.0,2209.0,423.0,0.0,47.0,81.0,0.0,9.0,6
24.0,56.0,48.0,2.0,2.0,784.0,672.0,28.0,0.0,576.0,24.0,0.0,3
7.225,45.0,21.674999999999997,0.0,3.0,225.0,108.375,15.0,0.0,52.200624999999995,7.225,0.0,4
9.8458,60.0,29.5374,0.0,0.0,400.0,196.916,0.0,20.0,96.93977764000002,0.0,9.8458,6
7.8958,57.0,23.6874,0.0,0.0,361.0,150.02020000000002,0.0,19.0,62.34365764,0.0,7.8958,6
7.8958,89.09735294117647,23.6874,0.0,0.0,882.0375890138406,234.49829311764705,0.0,29.69911764705882,62.34365764,0.0,7.8958,6
83.1583,56.0,83.1583,1.0,1.0,3136.0,4656.864799999999,56.0,0.0,6915.30285889,83.1583,0.0,3
26.0,50.0,52.0,2.0,2.0,625.0,650.0,25.0,0.0,676.0,26.0,0.0,3
7.8958,99.0,23.6874,0.0,0.0,1089.0,260.5614,0.0,33.0,62.34365764,0.0,7.8958,6
10.5167,66.0,31.5501,0.0,3.0,484.0,231.3674,22.0,0.0,110.60097889000001,10.5167,0.0,4
10.5,56.0,21.0,0.0,0.0,784.0,294.0,0.0,28.0,110.25,0.0,10.5,6
7.05,75.0,21.15,0.0,0.0,625.0,176.25,0.0,25.0,49.7025,0.0,7.05,6
29.125,117.0,87.375,15.0,3.0,1521.0,1135.875,39.0,0.0,848.265625,29.125,0.0,3
13.0,54.0,26.0,0.0,0.0,729.0,351.0,0.0,27.0,169.0,0.0,13.0,1
30.0,19.0,30.0,0.0,1.0,361.0,570.0,19.0,0.0,900.0,30.0,0.0,4
23.45,89.09735294117647,70.35,9.0,3.0,882.0375890138406,696.4443088235294,29.69911764705882,0.0,549.9024999999999,23.45,0.0,4
30.0,26.0,30.0,0.0,0.0,676.0,780.0,0.0,26.0,900.0,0.0,30.0,6
7.75,96.0,23.25,0.0,0.0,1024.0,248.0,0.0,32.0,60.0625,0.0,7.75,6
